1,1,1,2,2,0,0,0
2,1,2,2,2,1,0,0
3,1,3,2,2,174,4,5
4,1,4,2,2,1952,60,255
5,1,5,2,2,13081,194,1068
6,1,6,2,2,16299,494,12803
7,1,7,2,2,5158,532,11378
8,1,8,2,2,1494,119,3580
9,1,9,2,2,1109,57,3700
10,1,10,2,2,2157,78,1532
11,1,11,2,2,4849,257,2510
12,1,12,2,2,5252,396,4896
13,1,13,2,2,3497,209,5952
14,1,14,2,2,691,43,1654
15,2,1,2,1,0,0,0
16,2,2,2,1,0,0,0
17,2,3,2,1,243,15,52
18,2,4,2,1,530,16,418
19,2,5,2,1,364,2,402
20,2,6,2,1,1398,29,587
21,2,7,2,1,2741,95,1493
22,2,8,2,1,4237,127,2262
23,2,9,2,1,4136,103,2633
24,2,10,2,1,7226,122,3342
25,2,11,2,1,17307,301,7660
26,2,12,2,1,20134,371,14785
27,2,13,2,1,19811,199,13790
28,2,14,2,1,29040,416,22349
29,3,1,3,1,0,0,0
30,3,2,3,1,1,0,0
31,3,3,3,1,715,44,46
32,3,4,3,1,3290,406,1733
33,3,5,3,1,5388,203,3969
34,3,6,3,1,4513,259,4149
35,3,7,3,1,16487,298,10640
36,3,8,3,1,14100,300,10707
37,3,9,3,1,7036,226,4930
38,3,10,3,1,6412,228,4027
39,3,11,3,1,25257,467,13608
40,3,12,3,1,16411,325,13318
41,3,13,3,1,7729,135,6217
42,3,14,3,1,5753,92,4754
43,4,1,2,2,0,0,0
44,4,2,2,2,0,0,0
45,4,3,2,2,7,2,1
46,4,4,2,2,20,0,6
47,4,5,2,2,59,2,11
48,4,6,2,2,198,9,75
49,4,7,2,2,864,39,344
50,4,8,2,2,1506,56,634
51,4,9,2,2,2318,75,870
52,4,10,2,2,5833,101,2582
53,4,11,2,2,4334,64,3328
54,4,12,2,2,2414,57,3193
55,4,13,2,2,2243,61,6991
56,4,14,2,2,1011,42,1287
57,5,1,1,1,0,0,0
58,5,2,1,1,0,0,0
59,5,3,1,1,7,0,0
60,5,4,1,1,17,3,11
61,5,5,1,1,2,0,8
62,5,6,1,1,43,0,3
63,5,7,1,1,22,0,45
64,5,8,1,1,3,0,24
65,5,9,1,1,7,0,1
66,5,10,1,1,27,0,25
67,5,11,1,1,13,1,13
68,5,12,1,1,18,1,18
69,5,13,1,1,75,2,29
70,5,14,1,1,496,7,124
71,6,1,3,1,0,0,0
72,6,2,3,1,0,0,0
73,6,3,3,1,1054,27,240
74,6,4,3,1,3374,191,1016
75,6,5,3,1,12423,321,4080
76,6,6,3,1,47679,768,16692
77,6,7,3,1,126772,2236,61752
78,6,8,3,1,226433,5117,217415
79,6,9,3,1,333266,8277,293450
80,6,10,3,1,415923,14065,379294
81,6,11,3,1,257609,7728,283288
82,6,12,3,1,200981,4515,169449
83,6,13,3,1,301725,4729,294974
84,6,14,3,1,180126,3991,183371
85,7,1,2,1,0,0,0
86,7,2,2,1,0,0,0
87,7,3,2,1,532,3,30
88,7,4,2,1,1534,29,899
89,7,5,2,1,7216,99,2457
90,7,6,2,1,16260,312,10662
91,7,7,2,1,13008,295,14949
92,7,8,2,1,5231,141,8725
93,7,9,2,1,6578,80,6279
94,7,10,2,1,39454,382,11316
95,7,11,2,1,45311,823,53125
96,7,12,2,1,24285,659,34359
97,7,13,2,1,7617,257,14718
98,7,14,2,1,5032,112,5875
99,8,1,2,1,9,0,2
100,8,2,2,1,16,0,9
101,8,3,2,1,4534,18,347
102,8,4,2,1,2207,75,5384
103,8,5,2,1,436,10,876
104,8,6,2,1,718,1,422
105,8,7,2,1,9360,97,2943
106,8,8,2,1,8539,456,8373
107,8,9,2,1,1277,231,3299
108,8,10,2,1,499,19,533
109,8,11,2,1,317,1,232
110,8,12,2,1,513,1,145
111,8,13,2,1,393,0,240
112,8,14,2,1,160,0,104
113,9,1,2,1,0,0,0
114,9,2,2,1,9,0,0
115,9,3,2,1,10171,128,1095
116,9,4,2,1,5272,456,11812
117,9,5,2,1,1279,84,2686
118,9,6,2,1,1035,37,885
119,9,7,2,1,3364,13,2280
120,9,8,2,1,6308,15,4468
121,9,9,2,1,17375,66,12418
122,9,10,2,1,60112,310,31582
123,9,11,2,1,177531,2075,154466
124,9,12,2,1,78359,3038,111260
125,9,13,2,1,53583,1499,59545
126,9,14,2,1,45042,840,37918
127,10,1,2,2,0,0,0
128,10,2,2,2,0,0,0
129,10,3,2,2,298,5,26
130,10,4,2,2,1506,19,1299
131,10,5,2,2,3690,39,2103
132,10,6,2,2,12030,150,6287
133,10,7,2,2,14354,235,16167
134,10,8,2,2,4557,86,7965
135,10,9,2,2,3794,57,4107
136,10,10,2,2,15040,139,5589
137,10,11,2,2,65907,662,31359
138,10,12,2,2,97524,1249,109520
139,10,13,2,2,11519,491,38893
140,10,14,2,2,4318,88,5453
141,11,1,1,2,0,0,0
142,11,2,1,2,0,0,0
143,11,3,1,2,14,0,1
144,11,4,1,2,67,11,24
145,11,5,1,2,21,0,23
146,11,6,1,2,2,0,39
147,11,7,1,2,470,3,4
148,11,8,1,2,1643,36,710
149,11,9,1,2,1906,46,1405
150,11,10,1,2,2591,48,2216
151,11,11,1,2,827,19,1467
152,11,12,1,2,330,7,341
153,11,13,1,2,303,6,541
154,11,14,1,2,345,3,538
155,12,1,1,1,0,0,0
156,12,2,1,1,41,0,0
157,12,3,1,1,526,4,295
158,12,4,1,1,2473,4,1205
159,12,5,1,1,8358,11,5173
160,12,6,1,1,15360,68,14658
161,12,7,1,1,14224,60,16509
162,12,8,1,1,10990,43,11207
163,12,9,1,1,18892,61,15791
164,12,10,1,1,10781,70,13881
165,12,11,1,1,5311,20,6422
166,12,12,1,1,5719,11,5076
167,12,13,1,1,10382,23,8382
168,12,14,1,1,19337,74,16490
169,13,1,3,2,0,0,0
170,13,2,3,2,0,0,0
171,13,3,3,2,51,5,25
172,13,4,3,2,7616,163,135
173,13,5,3,2,39486,482,9621
174,13,6,3,2,98330,1197,49843
175,13,7,3,2,92178,1264,75512
176,13,8,3,2,75335,1170,69751
177,13,9,3,2,50483,970,70600
178,13,10,3,2,44205,672,48658
179,13,11,3,2,57248,721,56566
180,13,12,3,2,48578,915,76748
181,13,13,3,2,21629,568,22285
182,13,14,3,2,11077,281,17180
183,14,1,1,1,0,0,0
184,14,2,1,1,0,0,0
185,14,3,1,1,34,0,0
186,14,4,1,1,47,7,39
187,14,5,1,1,11,0,37
188,14,6,1,1,5,0,14
189,14,7,1,1,13,0,6
190,14,8,1,1,64,0,50
191,14,9,1,1,16,0,33
192,14,10,1,1,47,0,42
193,14,11,1,1,39,0,29
194,14,12,1,1,107,0,69
195,14,13,1,1,1162,7,839
196,14,14,1,1,1523,19,1249
197,15,1,2,2,0,0,0
198,15,2,2,2,1,0,0
199,15,3,2,2,151,1,47
200,15,4,2,2,13875,88,2339
201,15,5,2,2,28529,146,16128
202,15,6,2,2,19562,157,27540
203,15,7,2,2,5690,167,16390
204,15,8,2,2,4035,122,8024
205,15,9,2,2,6788,152,4057
206,15,10,2,2,19851,147,12138
207,15,11,2,2,38165,178,27678
208,15,12,2,2,57637,266,60806
209,15,13,2,2,54052,294,60691
210,15,14,2,2,38970,258,42157
211,16,1,2,1,0,0,0
212,16,2,2,1,1,0,1
213,16,3,2,1,12774,705,1695
214,16,4,2,1,35744,6889,9880
215,16,5,2,1,9862,1873,4311
216,16,6,2,1,3046,280,1097
217,16,7,2,1,7324,94,562
218,16,8,2,1,16485,54,876
219,16,9,2,1,33216,121,1032
220,16,10,2,1,310777,1609,6115
221,16,11,2,1,148116,5020,0
222,16,12,2,1,69151,2883,0
223,16,13,2,1,63657,1564,0
224,16,14,2,1,61358,985,0
225,17,1,1,2,0,0,0
226,17,2,1,2,0,0,0
227,17,3,1,2,3,0,0
228,17,4,1,2,15,2,9
229,17,5,1,2,0,0,7
230,17,6,1,2,6,0,2
231,17,7,1,2,24,0,12
232,17,8,1,2,959,11,143
233,17,9,1,2,985,14,1073
234,17,10,1,2,1495,32,914
235,17,11,1,2,2367,89,991
236,17,12,1,2,4922,100,6644
237,17,13,1,2,1132,53,1514
238,17,14,1,2,385,14,527
239,18,1,2,2,0,0,0
240,18,2,2,2,0,0,0
241,18,3,2,2,9,0,1
242,18,4,2,2,55,1,32
243,18,5,2,2,168,2,110
244,18,6,2,2,967,18,190
245,18,7,2,2,606,15,703
246,18,8,2,2,340,4,702
247,18,9,2,2,212,1,235
248,18,10,2,2,286,0,445
249,18,11,2,2,372,2,421
250,18,12,2,2,236,1,222
251,18,13,2,2,642,8,360
252,18,14,2,2,1541,18,827
253,19,1,1,2,0,0,0
254,19,2,1,2,0,0,0
255,19,3,1,2,4,0,0
256,19,4,1,2,3,0,5
257,19,5,1,2,36,0,1
258,19,6,1,2,34,0,42
259,19,7,1,2,24,0,41
260,19,8,1,2,124,0,53
261,19,9,1,2,57,0,80
262,19,10,1,2,67,0,102
263,19,11,1,2,61,0,57
264,19,12,1,2,260,0,67
265,19,13,1,2,189,1,366
266,19,14,1,2,8,0,51
267,20,1,2,2,0,0,0
268,20,2,2,2,0,0,0
269,20,3,2,2,107,6,0
270,20,4,2,2,1060,56,132
271,20,5,2,2,8815,251,836
272,20,6,2,2,23237,810,8372
273,20,7,2,2,43570,1854,14242
274,20,8,2,2,39809,2050,36826
275,20,9,2,2,18713,2938,35121
276,20,10,2,2,6446,760,15974
277,20,11,2,2,2951,232,10199
278,20,12,2,2,15416,208,10395
279,20,13,2,2,56711,1214,27125
280,20,14,2,2,32175,1270,33810
281,21,1,2,1,0,0,0
282,21,2,2,1,0,0,0
283,21,3,2,1,420,13,17
284,21,4,2,1,1337,56,710
285,21,5,2,1,753,84,1135
286,21,6,2,1,1943,33,540
287,21,7,2,1,7423,153,3557
288,21,8,2,1,8088,270,7136
289,21,9,2,1,7505,247,7521
290,21,10,2,1,22621,378,7467
291,21,11,2,1,37811,1447,24686
292,21,12,2,1,23084,1369,24456
293,21,13,2,1,10512,629,17379
294,21,14,2,1,9482,392,21243
295,22,1,2,2,0,0,0
296,22,2,2,2,0,0,0
297,22,3,2,2,4,1,0
298,22,4,2,2,19,0,5
299,22,5,2,2,12,0,15
300,22,6,2,2,192,0,8
301,22,7,2,2,577,1,35
302,22,8,2,2,829,4,161
303,22,9,2,2,1539,10,486
304,22,10,2,2,3470,8,3966
305,22,11,2,2,4100,10,3236
306,22,12,2,2,4063,8,4224
307,22,13,2,2,6488,92,5062
308,22,14,2,2,7078,176,6046
309,23,1,3,1,0,0,0
310,23,2,3,1,2,0,0
311,23,3,3,1,5715,201,127
312,23,4,3,1,81470,5805,35808
313,23,5,3,1,427662,23308,170620
314,23,6,3,1,887192,30280,581763
315,23,7,3,1,1260444,32881,1220536
316,23,8,3,1,1245787,28906,1259737
317,23,9,3,1,902663,22571,1006183
318,23,10,3,1,724670,15932,730387
319,23,11,3,1,800273,13236,592641
320,23,12,3,1,1340095,21829,1251042
321,23,13,3,1,1528758,29555,1327529
322,23,14,3,1,1346528,30438,1205943
323,24,1,1,1,0,0,0
324,24,2,1,1,0,0,0
325,24,3,1,1,129,1,45
326,24,4,1,1,9,0,79
327,24,5,1,1,3,1,14
328,24,6,1,1,0,1,0
329,24,7,1,1,0,0,0
330,24,8,1,1,3,0,1
331,24,9,1,1,2,0,3
332,24,10,1,1,2,0,1
333,24,11,1,1,2,0,2
334,24,12,1,1,7,0,4
335,24,13,1,1,23,0,21
336,24,14,1,1,6,0,11
337,25,1,2,1,0,0,0
338,25,2,2,1,0,0,0
339,25,3,2,1,399,8,17
340,25,4,2,1,1107,58,249
341,25,5,2,1,1007,74,808
342,25,6,2,1,2476,90,1602
343,25,7,2,1,6701,153,3643
344,25,8,2,1,4576,246,5164
345,25,9,2,1,4567,196,3151
346,25,10,2,1,32011,454,5411
347,25,11,2,1,92456,2756,30520
348,25,12,2,1,56966,3541,68962
349,25,13,2,1,16482,1469,67525
350,25,14,2,1,28290,1146,18493
351,26,1,2,2,0,0,0
352,26,2,2,2,0,0,0
353,26,3,2,2,261,14,32
354,26,4,2,2,384,29,474
355,26,5,2,2,202,10,214
356,26,6,2,2,115,0,118
357,26,7,2,2,144,0,97
358,26,8,2,2,262,2,123
359,26,9,2,2,688,3,277
360,26,10,2,2,444,9,915
361,26,11,2,2,386,1,343
362,26,12,2,2,3821,17,2507
363,26,13,2,2,3975,35,4153
364,26,14,2,2,1300,22,2240
365,27,1,2,2,0,0,0
366,27,2,2,2,0,0,0
367,27,3,2,2,2,0,0
368,27,4,2,2,9,1,4
369,27,5,2,2,52,0,29
370,27,6,2,2,107,0,82
371,27,7,2,2,217,0,189
372,27,8,2,2,58,0,53
373,27,9,2,2,63,0,115
374,27,10,2,2,77,0,39
375,27,11,2,2,103,0,64
376,27,12,2,2,130,1,112
377,27,13,2,2,814,0,86
378,27,14,2,2,577,1,0
379,28,1,2,2,1,0,0
380,28,2,2,2,0,0,1
381,28,3,2,2,108,0,22
382,28,4,2,2,13,0,96
383,28,5,2,2,3,0,4
384,28,6,2,2,16,0,7
385,28,7,2,2,98,0,34
386,28,8,2,2,35,0,102
387,28,9,2,2,3,0,9
388,28,10,2,2,14,0,8
389,28,11,2,2,35,0,21
390,28,12,2,2,52,0,58
391,28,13,2,2,88,0,81
392,28,14,2,2,354,0,34
393,29,1,2,2,0,0,0
394,29,2,2,2,0,0,0
395,29,3,2,2,193,6,5
396,29,4,2,2,1639,55,929
397,29,5,2,2,4072,130,2634
398,29,6,2,2,6688,122,6532
399,29,7,2,2,4663,78,5220
400,29,8,2,2,1887,20,2331
401,29,9,2,2,1696,7,1789
402,29,10,2,2,955,8,677
403,29,11,2,2,2652,11,2060
404,29,12,2,2,1832,11,2715
405,29,13,2,2,3340,14,3153
406,29,14,2,2,6097,89,4549
407,30,1,2,1,4,0,0
408,30,2,2,1,16,0,6
409,30,3,2,1,8507,152,1586
410,30,4,2,1,45930,4027,19832
411,30,5,2,1,38022,3727,27789
412,30,6,2,1,13618,874,19907
413,30,7,2,1,12184,245,33786
414,30,8,2,1,12637,168,13114
415,30,9,2,1,30189,198,21161
416,30,10,2,1,76206,885,61771
417,30,11,2,1,144244,1963,105643
418,30,12,2,1,202852,3523,189043
419,30,13,2,1,199286,4279,217061
420,30,14,2,1,87999,1949,108721
421,31,1,1,2,0,0,0
422,31,2,1,2,0,0,0
423,31,3,1,2,6,1,0
424,31,4,1,2,115,0,4
425,31,5,1,2,314,3,189
426,31,6,1,2,792,11,436
427,31,7,1,2,1224,8,1195
428,31,8,1,2,1433,17,1092
429,31,9,1,2,2140,20,2361
430,31,10,1,2,2769,35,2704
431,31,11,1,2,1968,10,2348
432,31,12,1,2,1079,8,1230
433,31,13,1,2,2230,21,1585
434,31,14,1,2,1330,13,1670
435,32,1,2,2,0,0,0
436,32,2,2,2,0,0,0
437,32,3,2,2,3,0,0
438,32,4,2,2,47,0,10
439,32,5,2,2,961,2,13
440,32,6,2,2,2734,45,764
441,32,7,2,2,863,12,819
442,32,8,2,2,103,3,184
443,32,9,2,2,118,0,124
444,32,10,2,2,37,0,10
445,32,11,2,2,47,1,0
446,32,12,2,2,50,0,0
447,32,13,2,2,18,0,2961
448,32,14,2,2,23,0,35
449,33,1,2,2,0,0,0
450,33,2,2,2,0,0,0
451,33,3,2,2,7,0,0
452,33,4,2,2,66,5,33
453,33,5,2,2,705,60,458
454,33,6,2,2,88,9,290
455,33,7,2,2,70,1,32
456,33,8,2,2,77,2,67
457,33,9,2,2,187,8,127
458,33,10,2,2,283,13,307
459,33,11,2,2,205,3,211
460,33,12,2,2,425,3,179
461,33,13,2,2,1263,14,760
462,33,14,2,2,597,22,1011
463,34,1,2,1,0,0,0
464,34,2,2,1,2,0,0
465,34,3,2,1,2842,12,156
466,34,4,2,1,14858,215,8424
467,34,5,2,1,105848,827,34147
468,34,6,2,1,155843,4634,198502
469,34,7,2,1,76274,3769,87098
470,34,8,2,1,56059,1832,55552
471,34,9,2,1,51265,1452,52710
472,34,10,2,1,47265,1466,50053
473,34,11,2,1,41487,1203,39962
474,34,12,2,1,57230,1198,50778
475,34,13,2,1,118136,1844,104599
476,34,14,2,1,97516,2120,98549
477,35,1,3,1,9802,213,211
478,35,2,3,1,69554,2624,37657
479,35,3,3,1,2923,472,36777
480,35,4,3,1,1677,1328,2306
481,35,5,3,1,190,1,862
482,35,6,3,1,639,3,231
483,35,7,3,1,2870,20,1146
484,35,8,3,1,2259,62,3804
485,35,9,3,1,631,16,854
486,35,10,3,1,821,0,670
487,35,11,3,1,1536,4,871
488,35,12,3,1,3061,39,2897
489,35,13,3,1,4100,35,2281
490,35,14,3,1,902,18,2502
491,36,1,3,1,0,0,0
492,36,2,3,1,0,0,0
493,36,3,3,1,906,16,31
494,36,4,3,1,5601,277,1408
495,36,5,3,1,22876,646,5593
496,36,6,3,1,68463,2395,32989
497,36,7,3,1,197662,6771,114366
498,36,8,3,1,319586,9557,305073
499,36,9,3,1,214585,6336,284193
500,36,10,3,1,244505,5316,225577
501,36,11,3,1,242622,5452,241259
502,36,12,3,1,325969,6447,297930
503,36,13,3,1,452109,10770,429903
504,36,14,3,1,156806,5783,209927
505,37,1,1,2,0,0,0
506,37,2,1,2,0,0,0
507,37,3,1,2,0,0,0
508,37,4,1,2,1,0,0
509,37,5,1,2,105,2,26
510,37,6,1,2,197,5,174
511,37,7,1,2,75,0,130
512,37,8,1,2,45,0,69
513,37,9,1,2,56,0,65
514,37,10,1,2,66,0,34
515,37,11,1,2,66,0,88
516,37,12,1,2,212,3,119
517,37,13,1,2,1903,83,1026
518,37,14,1,2,845,51,1583
519,38,1,2,2,0,0,0
520,38,2,2,2,0,0,0
521,38,3,2,2,117,8,2
522,38,4,2,2,675,32,90
523,38,5,2,2,2889,52,535
524,38,6,2,2,4445,115,1255
525,38,7,2,2,4144,62,5743
526,38,8,2,2,1806,67,3250
527,38,9,2,2,1672,25,3151
528,38,10,2,2,848,38,446
529,38,11,2,2,1950,28,2101
530,38,12,2,2,6219,272,3974
531,38,13,2,2,5893,89,330
532,38,14,2,2,4075,47,5093
533,39,1,2,1,0,0,0
534,39,2,2,1,0,0,0
535,39,3,2,1,347,2,4
536,39,4,2,1,372,4,334
537,39,5,2,1,337,4,331
538,39,6,2,1,2403,6,767
539,39,7,2,1,14361,134,2968
540,39,8,2,1,23467,286,11652
541,39,9,2,1,34473,468,21785
542,39,10,2,1,34211,481,28878
543,39,11,2,1,29667,341,20807
544,39,12,2,1,29683,459,44397
545,39,13,2,1,23955,419,20029
546,39,14,2,1,11065,196,25147
547,40,1,2,2,0,0,0
548,40,2,2,2,0,0,0
549,40,3,2,2,179,1,7
550,40,4,2,2,1096,13,567
551,40,5,2,2,1558,19,861
552,40,6,2,2,6666,35,2838
553,40,7,2,2,6548,34,7155
554,40,8,2,2,2020,15,5271
555,40,9,2,2,1657,3,2592
556,40,10,2,2,992,6,1074
557,40,11,2,2,615,6,599
558,40,12,2,2,1159,5,970
559,40,13,2,2,5909,17,4073
560,40,14,2,2,4355,38,6617
561,41,1,2,1,0,0,0
562,41,2,2,1,6,0,0
563,41,3,2,1,861,6,67
564,41,4,2,1,1209,63,1281
565,41,5,2,1,170,34,724
566,41,6,2,1,531,4,83
567,41,7,2,1,2362,38,2112
568,41,8,2,1,5130,41,3167
569,41,9,2,1,6324,94,7623
570,41,10,2,1,32723,266,17761
571,41,11,2,1,79126,1240,72381
572,41,12,2,1,82395,2134,92819
573,41,13,2,1,21589,1107,26458
574,41,14,2,1,10547,499,9758
575,42,1,2,1,0,0,0
576,42,2,2,1,0,0,0
577,42,3,2,1,186,6,8
578,42,4,2,1,1315,55,673
579,42,5,2,1,544,22,1128
580,42,6,2,1,296,3,405
581,42,7,2,1,267,1,141
582,42,8,2,1,1424,7,1023
583,42,9,2,1,1565,28,1515
584,42,10,2,1,1290,6,1352
585,42,11,2,1,1397,7,1386
586,42,12,2,1,3579,11,2494
587,42,13,2,1,14823,68,10738
588,42,14,2,1,23093,108,24379
589,43,1,1,1,0,0,0
590,43,2,1,1,0,0,0
591,43,3,1,1,262,8,23
592,43,4,1,1,588,7,273
593,43,5,1,1,94,2,494
594,43,6,1,1,54,2,43
595,43,7,1,1,116,0,19
596,43,8,1,1,374,1,287
597,43,9,1,1,267,2,230
598,43,10,1,1,2611,4,513
599,43,11,1,1,6199,23,175
600,43,12,1,1,11454,70,0
601,43,13,1,1,8857,80,0
602,43,14,1,1,3831,32,0
603,44,1,2,1,0,0,0
604,44,2,2,1,0,0,0
605,44,3,2,1,3308,31,45
606,44,4,2,1,4374,205,3269
607,44,5,2,1,1586,84,3244
608,44,6,2,1,2686,29,1213
609,44,7,2,1,4620,33,3798
610,44,8,2,1,8044,42,6238
611,44,9,2,1,46145,231,15636
612,44,10,2,1,264339,2596,109916
613,44,11,2,1,188196,5044,308248
614,44,12,2,1,195363,3285,140974
615,44,13,2,1,266113,4728,279336
616,44,14,2,1,250706,4031,195640
617,45,1,2,1,0,0,0
618,45,2,2,1,3,0,0
619,45,3,2,1,3036,90,77
620,45,4,2,1,6317,362,6664
621,45,5,2,1,2513,122,3819
622,45,6,2,1,1099,31,1289
623,45,7,2,1,1060,10,931
624,45,8,2,1,3382,9,2813
625,45,9,2,1,11069,26,5604
626,45,10,2,1,18384,71,13823
627,45,11,2,1,34139,116,29011
628,45,12,2,1,83114,461,63813
629,45,13,2,1,35040,828,60152
630,45,14,2,1,12727,236,14872
631,46,1,1,2,0,0,0
632,46,2,1,2,0,0,0
633,46,3,1,2,30,0,0
634,46,4,1,2,1059,2,642
635,46,5,1,2,2265,22,862
636,46,6,1,2,1328,30,3020
637,46,7,1,2,402,4,475
638,46,8,1,2,303,2,324
639,46,9,1,2,29,1,21
640,46,10,1,2,145,0,97
641,46,11,1,2,118,0,143
642,46,12,1,2,152,0,144
643,46,13,1,2,101,2,117
644,46,14,1,2,134,0,52
645,47,1,1,2,0,0,0
646,47,2,1,2,0,0,0
647,47,3,1,2,12,0,0
648,47,4,1,2,4,0,13
649,47,5,1,2,0,0,3
650,47,6,1,2,2,0,2
651,47,7,1,2,0,0,0
652,47,8,1,2,2,0,0
653,47,9,1,2,10,0,6
654,47,10,1,2,20,0,9
655,47,11,1,2,35,0,30
656,47,12,1,2,3,0,20
657,47,13,1,2,29,0,23
658,47,14,1,2,25,0,21
659,48,1,2,2,0,0,0
660,48,2,2,2,0,0,0
661,48,3,2,2,1109,51,5
662,48,4,2,2,5863,250,1296
663,48,5,2,2,10313,201,9258
664,48,6,2,2,15283,245,7021
665,48,7,2,2,37081,413,18890
666,48,8,2,2,25066,550,31612
667,48,9,2,2,17494,395,19547
668,48,10,2,2,14809,140,17233
669,48,11,2,2,16970,86,10357
670,48,12,2,2,26797,83,15966
671,48,13,2,2,43275,252,26348
672,48,14,2,2,25557,434,33805
673,49,1,2,1,0,0,0
674,49,2,2,1,0,0,0
675,49,3,2,1,2240,75,54
676,49,4,2,1,22694,825,1504
677,49,5,2,1,14164,2458,18034
678,49,6,2,1,17334,1169,8002
679,49,7,2,1,28923,1175,8450
680,49,8,2,1,28412,854,65625
681,49,9,2,1,23280,4799,10627
682,49,10,2,1,31145,1315,29463
683,49,11,2,1,24493,791,28045
684,49,12,2,1,19827,573,14703
685,49,13,2,1,38316,825,25307
686,49,14,2,1,35327,952,38084
687,50,1,3,2,0,0,0
688,50,2,3,2,1,0,1
689,50,3,3,2,709,46,156
690,50,4,3,2,4827,346,1224
691,50,5,3,2,19448,567,4656
692,50,6,3,2,43326,1994,12423
693,50,7,3,2,25767,1852,21178
694,50,8,3,2,4861,616,33291
695,50,9,3,2,4259,509,23565
696,50,10,3,2,4357,336,2958
697,50,11,3,2,8356,384,3266
698,50,12,3,2,22151,981,9387
699,50,13,3,2,27889,1685,17531
700,50,14,3,2,16473,1372,11256
701,51,1,2,2,0,0,0
702,51,2,2,2,0,0,0
703,51,3,2,2,32,1,0
704,51,4,2,2,363,9,119
705,51,5,2,2,2122,36,921
706,51,6,2,2,3921,128,2730
707,51,7,2,2,10194,274,4592
708,51,8,2,2,9097,269,5930
709,51,9,2,2,3348,126,9521
710,51,10,2,2,4368,132,5373
711,51,11,2,2,4960,139,5892
712,51,12,2,2,7555,213,10882
713,51,13,2,2,9006,296,2751
714,51,14,2,2,4900,231,6601
715,52,1,1,2,0,0,0
716,52,2,1,2,0,0,0
717,52,3,1,2,12,0,1
718,52,4,1,2,303,1,8
719,52,5,1,2,991,11,191
720,52,6,1,2,695,20,315
721,52,7,1,2,2820,51,1667
722,52,8,1,2,120,0,1702
723,52,9,1,2,89,0,885
724,52,10,1,2,58,0,196
725,52,11,1,2,65,2,44
726,52,12,1,2,124,1,127
727,52,13,1,2,239,0,150
728,52,14,1,2,489,5,336
729,53,1,2,2,0,0,0
730,53,2,2,2,0,0,0
731,53,3,2,2,15,0,0
732,53,4,2,2,24,0,26
733,53,5,2,2,0,0,13
734,53,6,2,2,164,0,14
735,53,7,2,2,76,0,172
736,53,8,2,2,40,0,59
737,53,9,2,2,56,0,57
738,53,10,2,2,88,0,71
739,53,11,2,2,114,0,86
740,53,12,2,2,743,3,145
741,53,13,2,2,815,4,951
742,53,14,2,2,712,0,659
743,54,1,1,1,0,0,0
744,54,2,1,1,1,0,0
745,54,3,1,1,744,4,26
746,54,4,1,1,944,48,223
747,54,5,1,1,180,16,1375
748,54,6,1,1,120,1,205
749,54,7,1,1,75,0,101
750,54,8,1,1,311,-5,158
751,54,9,1,1,996,0,517
752,54,10,1,1,1534,9,1206
753,54,11,1,1,7403,45,3267
754,54,12,1,1,15682,111,11248
755,54,13,1,1,16218,190,15412
756,54,14,1,1,21392,170,16170
757,55,1,1,2,0,0,0
758,55,2,1,2,0,0,0
759,55,3,1,2,9,0,0
760,55,4,1,2,91,1,12
761,55,5,1,2,185,1,177
762,55,6,1,2,527,9,219
763,55,7,1,2,1836,30,806
764,55,8,1,2,1929,50,2315
765,55,9,1,2,905,18,1383
766,55,10,1,2,435,8,734
767,55,11,1,2,502,5,360
768,55,12,1,2,2939,83,1067
769,55,13,1,2,6353,360,3405
770,55,14,1,2,1303,87,4198
771,56,1,3,2,0,0,0
772,56,2,3,2,0,0,0
773,56,3,3,2,26,0,2
774,56,4,3,2,105,3,57
775,56,5,3,2,1041,8,150
776,56,6,3,2,4674,92,2221
777,56,7,3,2,11684,171,4520
778,56,8,3,2,34601,535,12044
779,56,9,3,2,23237,389,12210
780,56,10,3,2,20801,271,21313
781,56,11,3,2,13905,237,21291
782,56,12,3,2,14190,217,38288
783,56,13,3,2,13386,170,10766
784,56,14,3,2,21422,272,11996
785,57,1,1,2,0,0,0
786,57,2,1,2,0,0,0
787,57,3,1,2,5,0,0
788,57,4,1,2,13,0,12
789,57,5,1,2,0,0,3
790,57,6,1,2,0,0,3
791,57,7,1,2,9,1,0
792,57,8,1,2,1,1,5
793,57,9,1,2,4,0,5
794,57,10,1,2,2,0,3
795,57,11,1,2,8,0,2
796,57,12,1,2,7,0,11
797,57,13,1,2,6,0,9
798,57,14,1,2,4,0,1
799,58,1,2,1,1,0,0
800,58,2,2,1,2,0,1
801,58,3,2,1,1415,17,9
802,58,4,2,1,3577,194,2990
803,58,5,2,1,1864,109,2500
804,58,6,2,1,355,8,1100
805,58,7,2,1,218,1,350
806,58,8,2,1,654,7,250
807,58,9,2,1,1906,8,900
808,58,10,2,1,6121,14,3200
809,58,11,2,1,8799,41,5500
810,58,12,2,1,11195,162,12200
811,58,13,2,1,9131,110,2000
812,58,14,2,1,12434,71,15000
813,59,1,3,1,5,0,0
814,59,2,3,1,95,2,12
815,59,3,3,1,52178,3524,9501
816,59,4,3,1,116583,20823,39963
817,59,5,3,1,22114,4456,18997
818,59,6,3,1,13269,1041,7926
819,59,7,3,1,22995,422,5365
820,59,8,3,1,93921,378,5026
821,59,9,3,1,284733,1332,11842
822,59,10,3,1,808471,4849,24463
823,59,11,3,1,862510,15992,44818
824,59,12,3,1,400792,11940,32229
825,59,13,3,1,578254,11442,30470
826,59,14,3,1,559719,10379,31037
827,60,1,2,2,0,0,0
828,60,2,2,2,0,0,0
829,60,3,2,2,16,1,0
830,60,4,2,2,260,2,67
831,60,5,2,2,2379,14,655
832,60,6,2,2,2739,25,1698
833,60,7,2,2,1958,7,2523
834,60,8,2,2,1181,4,2321
835,60,9,2,2,233,1,741
836,60,10,2,2,202,1,693
837,60,11,2,2,246,5,368
838,60,12,2,2,357,4,322
839,60,13,2,2,1177,4,872
840,60,14,2,2,3816,15,2883
841,61,1,2,2,0,0,0
842,61,2,2,2,0,0,0
843,61,3,2,2,4,1,0
844,61,4,2,2,7,0,8
845,61,5,2,2,14,0,12
846,61,6,2,2,24,1,7
847,61,7,2,2,449,7,41
848,61,8,2,2,2465,87,964
849,61,9,2,2,616,16,1129
850,61,10,2,2,93,7,1035
851,61,11,2,2,70,4,405
852,61,12,2,2,55,1,63
853,61,13,2,2,293,4,128
854,61,14,2,2,622,22,297
855,62,1,2,2,0,0,0
856,62,2,2,2,1,0,0
857,62,3,2,2,109,0,21
858,62,4,2,2,429,6,163
859,62,5,2,2,244,6,421
860,62,6,2,2,145,3,189
861,62,7,2,2,240,2,146
862,62,8,2,2,319,2,300
863,62,9,2,2,4705,20,1880
864,62,10,2,2,32744,268,19571
865,62,11,2,2,96648,960,91295
866,62,12,2,2,91836,1238,97741
867,62,13,2,2,30691,673,37301
868,62,14,2,2,12647,332,16086
869,63,1,3,1,5,0,0
870,63,2,3,1,74,0,16
871,63,3,3,1,71729,775,16084
872,63,4,3,1,91201,5848,107400
873,63,5,3,1,20401,1917,41852
874,63,6,3,1,12008,450,12748
875,63,7,3,1,14981,157,13892
876,63,8,3,1,34403,156,24803
877,63,9,3,1,48111,192,40066
878,63,10,3,1,238877,988,99549
879,63,11,3,1,538122,6211,392809
880,63,12,3,1,690608,17097,601489
881,63,13,3,1,465139,23372,589338
882,63,14,3,1,224636,12989,319502
883,64,1,2,2,0,0,0
884,64,2,2,2,0,0,0
885,64,3,2,2,161,5,31
886,64,4,2,2,1913,12,181
887,64,5,2,2,5996,19,2735
888,64,6,2,2,9671,76,10321
889,64,7,2,2,17760,70,18828
890,64,8,2,2,8797,94,10867
891,64,9,2,2,2328,25,2794
892,64,10,2,2,1429,19,1412
893,64,11,2,2,3612,3,3378
894,64,12,2,2,3104,12,3047
895,64,13,2,2,12239,81,7642
896,64,14,2,2,17013,191,16736
897,65,1,2,1,0,0,0
898,65,2,2,1,4,0,0
899,65,3,2,1,1310,49,52
900,65,4,2,1,1277,91,1322
901,65,5,2,1,326,35,0
902,65,6,2,1,492,17,0
903,65,7,2,1,1068,14,0
904,65,8,2,1,5840,60,2430
905,65,9,2,1,8158,125,7882
906,65,10,2,1,20776,235,11388
907,65,11,2,1,66020,1780,0
908,65,12,2,1,33579,2432,70690
909,65,13,2,1,18107,958,0
910,65,14,2,1,34143,708,0
911,66,1,1,2,0,0,0
912,66,2,1,2,0,0,0
913,66,3,1,2,9,0,0
914,66,4,1,2,11,0,13
915,66,5,1,2,3,0,5
916,66,6,1,2,0,0,5
917,66,7,1,2,1,0,0
918,66,8,1,2,0,0,1
919,66,9,1,2,0,0,0
920,66,10,1,2,4,0,0
921,66,11,1,2,13,0,6
922,66,12,1,2,86,0,77
923,66,13,1,2,21,1,35
924,66,14,1,2,0,0,5
925,67,1,2,2,0,0,0
926,67,2,2,2,0,0,0
927,67,3,2,2,38,1,12
928,67,4,2,2,561,15,54
929,67,5,2,2,4488,92,669
930,67,6,2,2,13009,665,2459
931,67,7,2,2,31693,1151,33622
932,67,8,2,2,24285,836,25252
933,67,9,2,2,17672,486,18188
934,67,10,2,2,16193,483,17033
935,67,11,2,2,14123,442,13655
936,67,12,2,2,15950,642,15084
937,67,13,2,2,21492,830,18567
938,67,14,2,2,15038,750,16916
939,68,1,2,2,0,0,0
940,68,2,2,2,0,0,0
941,68,3,2,2,22,0,0
942,68,4,2,2,1473,7,329
943,68,5,2,2,2211,16,1701
944,68,6,2,2,1685,10,2296
945,68,7,2,2,1917,13,2132
946,68,8,2,2,2101,13,1989
947,68,9,2,2,1243,7,1549
948,68,10,2,2,1420,6,554
949,68,11,2,2,1047,4,1495
950,68,12,2,2,603,5,1096
951,68,13,2,2,824,1,1067
952,68,14,2,2,1446,7,689
953,69,1,1,2,0,0,0
954,69,2,1,2,0,0,0
955,69,3,1,2,8,0,0
956,69,4,1,2,197,1,19
957,69,5,1,2,1051,7,23
958,69,6,1,2,398,16,275
959,69,7,1,2,327,2,486
960,69,8,1,2,224,8,324
961,69,9,1,2,119,5,422
962,69,10,1,2,89,2,269
963,69,11,1,2,28,3,509
964,69,12,1,2,11,1,70
965,69,13,1,2,182,0,30
966,69,14,1,2,628,3,186
967,70,1,1,2,0,0,0
968,70,2,1,2,0,0,0
969,70,3,1,2,12,2,0
970,70,4,1,2,70,7,22
971,70,5,1,2,71,3,48
972,70,6,1,2,92,0,44
973,70,7,1,2,168,8,71
974,70,8,1,2,893,19,533
975,70,9,1,2,1588,41,962
976,70,10,1,2,1268,44,1548
977,70,11,1,2,1244,27,1164
978,70,12,1,2,926,13,1428
979,70,13,1,2,1309,12,771
980,70,14,1,2,944,19,1381
981,71,1,2,2,0,0,0
982,71,2,2,2,0,0,0
983,71,3,2,2,15,0,1
984,71,4,2,2,61,6,7
985,71,5,2,2,1508,29,16
986,71,6,2,2,4263,69,907
987,71,7,2,2,1531,55,3675
988,71,8,2,2,831,42,1222
989,71,9,2,2,531,26,1001
990,71,10,2,2,314,5,600
991,71,11,2,2,218,0,594
992,71,12,2,2,727,4,601
993,71,13,2,2,1534,9,474
994,71,14,2,2,897,5,614
995,72,1,2,1,0,0,0
996,72,2,2,1,0,0,0
997,72,3,2,1,141,7,3
998,72,4,2,1,630,64,76
999,72,5,2,1,4431,141,458
1000,72,6,2,1,14356,285,1523
1001,72,7,2,1,22456,840,3494
1002,72,8,2,1,19000,536,4842
1003,72,9,2,1,15886,480,17526
1004,72,10,2,1,19988,316,12207
1005,72,11,2,1,11365,249,7944
1006,72,12,2,1,13574,212,8621
1007,72,13,2,1,26016,480,4179
1008,72,14,2,1,22461,541,5640
1009,73,1,2,1,0,0,0
1010,73,2,2,1,0,0,0
1011,73,3,2,1,492,16,37
1012,73,4,2,1,2283,296,544
1013,73,5,2,1,1101,214,1566
1014,73,6,2,1,279,59,545
1015,73,7,2,1,350,11,661
1016,73,8,2,1,1634,19,408
1017,73,9,2,1,20322,150,2129
1018,73,10,2,1,48860,985,13142
1019,73,11,2,1,141801,3073,44828
1020,73,12,2,1,105392,4714,86242
1021,73,13,2,1,45072,2987,112866
1022,73,14,2,1,61013,2450,58160
1023,74,1,1,1,0,0,0
1024,74,2,1,1,1,0,0
1025,74,3,1,1,1134,2,198
1026,74,4,1,1,662,8,1472
1027,74,5,1,1,9,0,124
1028,74,6,1,1,18,0,6
1029,74,7,1,1,61,0,25
1030,74,8,1,1,222,0,172
1031,74,9,1,1,621,0,170
1032,74,10,1,1,2137,2,1706
1033,74,11,1,1,527,14,1306
1034,74,12,1,1,362,3,399
1035,74,13,1,1,248,0,352
1036,74,14,1,1,47,0,76
1037,75,1,3,2,1,0,0
1038,75,2,3,2,2,0,3
1039,75,3,3,2,1394,35,120
1040,75,4,3,2,33466,1119,8945
1041,75,5,3,2,155746,4254,82784
1042,75,6,3,2,394872,11992,256060
1043,75,7,3,2,1110507,19111,746462
1044,75,8,3,2,1995178,28777,1745508
1045,75,9,3,2,2621418,33390,2433319
1046,75,10,3,2,1871498,23433,2218312
1047,75,11,3,2,1278727,15510,1398072
1048,75,12,3,2,803865,11117,970695
1049,75,13,3,2,490936,5654,574703
1050,75,14,3,2,354631,2765,351469
1051,76,1,3,2,0,0,0
1052,76,2,3,2,0,0,0
1053,76,3,3,2,1528,136,81
1054,76,4,3,2,8590,656,1441
1055,76,5,3,2,16355,821,5786
1056,76,6,3,2,29912,1263,17498
1057,76,7,3,2,51991,2255,41101
1058,76,8,3,2,66420,2286,60052
1059,76,9,3,2,112212,3323,88988
1060,76,10,3,2,123080,3129,122854
1061,76,11,3,2,128795,3076,112717
1062,76,12,3,2,204315,5193,160579
1063,76,13,3,2,335116,7860,262124
1064,76,14,3,2,256320,6168,269482
1065,77,1,3,1,0,0,0
1066,77,2,3,1,593,43,123
1067,77,3,3,1,44012,2855,14533
1068,77,4,3,1,50035,3130,60447
1069,77,5,3,1,56826,1769,43745
1070,77,6,3,1,76196,3020,69910
1071,77,7,3,1,76542,5949,74761
1072,77,8,3,1,71008,4805,59714
1073,77,9,3,1,82007,4598,57723
1074,77,10,3,1,155553,8695,100974
1075,77,11,3,1,349298,13382,186221
1076,77,12,3,1,263072,6977,320682
1077,77,13,3,1,192857,2736,221218
1078,77,14,3,1,213170,2114,183074
1079,78,1,3,2,0,0,0
1080,78,2,3,2,13,0,0
1081,78,3,3,2,681,50,170
1082,78,4,3,2,1391,43,1205
1083,78,5,3,2,4354,112,1781
1084,78,6,3,2,42670,1738,21604
1085,78,7,3,2,75500,2798,62674
1086,78,8,3,2,110325,2301,89168
1087,78,9,3,2,128047,2139,115595
1088,78,10,3,2,109649,1729,107458
1089,78,11,3,2,79919,1348,83019
1090,78,12,3,2,42742,555,55167
1091,78,13,3,2,24345,234,54288
1092,78,14,3,2,75853,359,43802
1093,79,1,2,1,0,0,0
1094,79,2,2,1,1,0,0
1095,79,3,2,1,3234,71,5
1096,79,4,2,1,17377,1161,13381
1097,79,5,2,1,4378,420,8703
1098,79,6,2,1,483,84,1275
1099,79,7,2,1,592,27,0
1100,79,8,2,1,2746,14,0
1101,79,9,2,1,7344,27,0
1102,79,10,2,1,25301,109,0
1103,79,11,2,1,11088,140,0
1104,79,12,2,1,19235,184,0
1105,79,13,2,1,104768,1070,0
1106,79,14,2,1,23045,1012,0
1107,80,1,2,1,0,0,0
1108,80,2,2,1,6,0,0
1109,80,3,2,1,5830,22,228
1110,80,4,2,1,10404,205,8772
1111,80,5,2,1,1287,63,6047
1112,80,6,2,1,10339,45,2139
1113,80,7,2,1,55705,311,35116
1114,80,8,2,1,56064,459,57123
1115,80,9,2,1,147675,810,100147
1116,80,10,2,1,80559,1129,136606
1117,80,11,2,1,54969,560,42490
1118,80,12,2,1,138428,1121,104837
1119,80,13,2,1,241131,1904,227999
1120,80,14,2,1,157022,1165,178616
1121,81,1,3,1,2,0,0
1122,81,2,3,1,1126,29,46
1123,81,3,3,1,104664,12399,15683
1124,81,4,3,1,99671,15539,60216
1125,81,5,3,1,27534,5448,81562
1126,81,6,3,1,7581,1352,32741
1127,81,7,3,1,6959,374,9726
1128,81,8,3,1,21677,342,7679
1129,81,9,3,1,45647,411,20051
1130,81,10,3,1,364569,2724,61722
1131,81,11,3,1,922124,16958,468081
1132,81,12,3,1,505612,18583,705604
1133,81,13,3,1,445866,14357,547437
1134,81,14,3,1,372233,9183,394651
1135,82,1,2,2,0,0,0
1136,82,2,2,2,0,0,0
1137,82,3,2,2,36,1,2
1138,82,4,2,2,386,7,27
1139,82,5,2,2,164,1,282
1140,82,6,2,2,116,1,242
1141,82,7,2,2,176,0,173
1142,82,8,2,2,1581,11,164
1143,82,9,2,2,4023,86,977
1144,82,10,2,2,2612,99,2643
1145,82,11,2,2,1669,51,1709
1146,82,12,2,2,2064,45,4164
1147,82,13,2,2,2826,48,1660
1148,82,14,2,2,7610,72,1367
1149,83,1,3,1,15,0,1
1150,83,2,3,1,230,6,31
1151,83,3,3,1,2010,61,392
1152,83,4,3,1,12029,414,2036
1153,83,5,3,1,2467,417,11882
1154,83,6,3,1,1864,74,2116
1155,83,7,3,1,17619,36,8316
1156,83,8,3,1,32162,290,31564
1157,83,9,3,1,15195,277,19184
1158,83,10,3,1,17736,194,14243
1159,83,11,3,1,47635,307,37524
1160,83,12,3,1,86849,1216,64006
1161,83,13,3,1,154355,2461,134141
1162,83,14,3,1,41924,2136,83727
1163,84,1,2,2,0,0,0
1164,84,2,2,2,0,0,0
1165,84,3,2,2,274,5,30
1166,84,4,2,2,179,3,332
1167,84,5,2,2,286,1,160
1168,84,6,2,2,393,0,360
1169,84,7,2,2,61,2,202
1170,84,8,2,2,841,4,424
1171,84,9,2,2,9791,46,3118
1172,84,10,2,2,60782,768,2974
1173,84,11,2,2,146823,1922,147426
1174,84,12,2,2,75064,1083,115525
1175,84,13,2,2,32361,482,44030
1176,84,14,2,2,64235,385,34018
1177,85,1,2,2,0,0,0
1178,85,2,2,2,0,0,0
1179,85,3,2,2,343,2,24
1180,85,4,2,2,3059,23,842
1181,85,5,2,2,7456,15,4538
1182,85,6,2,2,11450,148,8154
1183,85,7,2,2,68059,605,47267
1184,85,8,2,2,40306,988,40728
1185,85,9,2,2,10034,297,28349
1186,85,10,2,2,8992,148,5208
1187,85,11,2,2,24864,207,12315
1188,85,12,2,2,26633,328,28133
1189,85,13,2,2,34648,285,29110
1190,85,14,2,2,26871,116,34314
1191,86,1,3,2,0,0,0
1192,86,2,3,2,0,0,0
1193,86,3,3,2,59,1,1
1194,86,4,3,2,337,16,143
1195,86,5,3,2,1566,47,334
1196,86,6,3,2,4404,84,1561
1197,86,7,3,2,14270,193,6126
1198,86,8,3,2,13565,236,11728
1199,86,9,3,2,4328,134,5015
1200,86,10,3,2,16663,270,10968
1201,86,11,3,2,28426,488,19468
1202,86,12,3,2,12840,201,23393
1203,86,13,3,2,4315,93,5170
1204,86,14,3,2,5200,93,2771
1205,87,1,2,1,0,0,0
1206,87,2,2,1,45,0,0
1207,87,3,2,1,244,0,73
1208,87,4,2,1,3735,26,1466
1209,87,5,2,1,23019,186,9847
1210,87,6,2,1,19152,142,25644
1211,87,7,2,1,20762,93,20902
1212,87,8,2,1,18152,84,19292
1213,87,9,2,1,20073,79,19464
1214,87,10,2,1,20744,169,20174
1215,87,11,2,1,16709,101,20209
1216,87,12,2,1,7949,54,9446
1217,87,13,2,1,14673,25,11414
1218,87,14,2,1,25595,124,21278
1219,88,1,2,2,0,0,0
1220,88,2,2,2,0,0,0
1221,88,3,2,2,107,0,3
1222,88,4,2,2,639,8,459
1223,88,5,2,2,1002,8,708
1224,88,6,2,2,3758,45,1273
1225,88,7,2,2,30299,1317,22594
1226,88,8,2,2,8093,-320,13422
1227,88,9,2,2,2771,6,4420
1228,88,10,2,2,12209,80,7104
1229,88,11,2,2,14300,131,14728
1230,88,12,2,2,7856,80,11207
1231,88,13,2,2,3554,57,5069
1232,88,14,2,2,1663,54,2223
1233,89,1,2,2,0,0,0
1234,89,2,2,2,0,0,0
1235,89,3,2,2,9,0,0
1236,89,4,2,2,10,0,8
1237,89,5,2,2,0,0,8
1238,89,6,2,2,0,0,3
1239,89,7,2,2,1,0,0
1240,89,8,2,2,2,0,2
1241,89,9,2,2,1,0,1
1242,89,10,2,2,1,0,0
1243,89,11,2,2,15,0,4
1244,89,12,2,2,2,0,14
1245,89,13,2,2,3,0,1
1246,89,14,2,2,1,0,1
1247,90,1,1,1,0,0,0
1248,90,2,1,1,0,0,0
1249,90,3,1,1,398,0,1
1250,90,4,1,1,460,15,347
1251,90,5,1,1,208,9,397
1252,90,6,1,1,52,6,229
1253,90,7,1,1,113,2,78
1254,90,8,1,1,165,2,111
1255,90,9,1,1,428,3,144
1256,90,10,1,1,4070,34,99
1257,90,11,1,1,11181,135,389
1258,90,12,1,1,23829,429,25318
1259,90,13,1,1,25337,560,27573
1260,90,14,1,1,19945,423,20569
1261,91,1,2,1,0,0,0
1262,91,2,2,1,4,0,0
1263,91,3,2,1,466,12,37
1264,91,4,2,1,255,12,113
1265,91,5,2,1,495,3,562
1266,91,6,2,1,558,7,471
1267,91,7,2,1,2777,27,578
1268,91,8,2,1,12753,106,3050
1269,91,9,2,1,22326,200,12754
1270,91,10,2,1,41594,270,24059
1271,91,11,2,1,46716,381,41410
1272,91,12,2,1,53559,450,44925
1273,91,13,2,1,119549,1614,52918
1274,91,14,2,1,73998,1610,110713
1275,92,1,2,2,0,0,0
1276,92,2,2,2,0,0,0
1277,92,3,2,2,0,0,0
1278,92,4,2,2,0,0,0
1279,92,5,2,2,2,0,1
1280,92,6,2,2,25,0,3
1281,92,7,2,2,577,13,140
1282,92,8,2,2,481,18,384
1283,92,9,2,2,510,5,345
1284,92,10,2,2,358,8,102
1285,92,11,2,2,156,0,303
1286,92,12,2,2,985,7,202
1287,92,13,2,2,5570,121,1072
1288,92,14,2,2,1827,120,1193
1289,93,1,2,2,0,0,0
1290,93,2,2,2,0,0,0
1291,93,3,2,2,3,0,0
1292,93,4,2,2,138,16,45
1293,93,5,2,2,147,11,112
1294,93,6,2,2,492,9,167
1295,93,7,2,2,406,39,346
1296,93,8,2,2,118,7,202
1297,93,9,2,2,39,0,349
1298,93,10,2,2,83,0,58
1299,93,11,2,2,169,1,64
1300,93,12,2,2,184,0,63
1301,93,13,2,2,160,1,354
1302,93,14,2,2,75,1,124
1303,94,1,2,2,0,0,0
1304,94,2,2,2,0,0,0
1305,94,3,2,2,10,0,1
1306,94,4,2,2,51,3,17
1307,94,5,2,2,95,2,34
1308,94,6,2,2,668,19,157
1309,94,7,2,2,2797,50,409
1310,94,8,2,2,10345,163,841
1311,94,9,2,2,20559,314,17902
1312,94,10,2,2,26570,306,15669
1313,94,11,2,2,21714,326,18788
1314,94,12,2,2,17468,295,18289
1315,94,13,2,2,18354,399,26599
1316,94,14,2,2,14707,302,21534
1317,95,1,1,1,0,0,0
1318,95,2,1,1,0,0,0
1319,95,3,1,1,68,0,44
1320,95,4,1,1,14,1,36
1321,95,5,1,1,0,0,1
1322,95,6,1,1,0,0,0
1323,95,7,1,1,6,0,4
1324,95,8,1,1,19,0,12
1325,95,9,1,1,11,0,16
1326,95,10,1,1,415,2,234
1327,95,11,1,1,737,13,741
1328,95,12,1,1,866,23,722
1329,95,13,1,1,357,13,542
1330,95,14,1,1,74,2,132
1331,96,1,2,1,0,0,0
1332,96,2,2,1,1,0,0
1333,96,3,2,1,467,4,0
1334,96,4,2,1,907,28,577
1335,96,5,2,1,292,22,702
1336,96,6,2,1,145,7,246
1337,96,7,2,1,257,2,130
1338,96,8,2,1,831,6,309
1339,96,9,2,1,1788,8,881
1340,96,10,2,1,10127,75,2640
1341,96,11,2,1,46496,468,22543
1342,96,12,2,1,80644,1176,68772
1343,96,13,2,1,40588,1012,65592
1344,96,14,2,1,16602,436,22393
1345,97,1,1,1,0,0,0
1346,97,2,1,1,1,0,0
1347,97,3,1,1,2177,23,80
1348,97,4,1,1,1606,67,3133
1349,97,5,1,1,234,20,620
1350,97,6,1,1,281,0,165
1351,97,7,1,1,2396,4,1194
1352,97,8,1,1,-70,10,792
1353,97,9,1,1,1884,0,1190
1354,97,10,1,1,8625,28,2907
1355,97,11,1,1,17544,169,16005
1356,97,12,1,1,11737,174,14892
1357,97,13,1,1,3973,82,6637
1358,97,14,1,1,4722,60,3872
1359,98,1,2,2,0,0,0
1360,98,2,2,2,0,0,0
1361,98,3,2,2,57,0,0
1362,98,4,2,2,71,0,92
1363,98,5,2,2,643,6,76
1364,98,6,2,2,1443,14,826
1365,98,7,2,2,8654,86,6813
1366,98,8,2,2,3995,86,6025
1367,98,9,2,2,1545,38,1469
1368,98,10,2,2,703,14,1108
1369,98,11,2,2,230,7,248
1370,98,12,2,2,373,10,571
1371,98,13,2,2,1351,20,987
1372,98,14,2,2,766,16,1081
1373,99,1,2,2,0,0,0
1374,99,2,2,2,0,0,0
1375,99,3,2,2,0,0,0
1376,99,4,2,2,37,3,7
1377,99,5,2,2,247,1,35
1378,99,6,2,2,940,10,218
1379,99,7,2,2,2854,100,1615
1380,99,8,2,2,1488,61,1285
1381,99,9,2,2,207,4,1103
1382,99,10,2,2,157,5,1060
1383,99,11,2,2,98,1,132
1384,99,12,2,2,555,4,250
1385,99,13,2,2,17380,513,2910
1386,99,14,2,2,7982,342,10259
1387,100,1,2,1,8,0,0
1388,100,2,2,1,17,0,18
1389,100,3,2,1,2741,43,519
1390,100,4,2,1,3236,59,3634
1391,100,5,2,1,1817,13,2182
1392,100,6,2,1,820,6,2001
1393,100,7,2,1,337,4,290
1394,100,8,2,1,364,2,410
1395,100,9,2,1,1884,9,913
1396,100,10,2,1,20324,113,11281
1397,100,11,2,1,34149,111,33511
1398,100,12,2,1,47313,111,34182
1399,100,13,2,1,101949,289,77108
1400,100,14,2,1,85793,370,107368
1401,101,1,1,1,0,0,0
1402,101,2,1,1,0,0,0
1403,101,3,1,1,18,0,13
1404,101,4,1,1,450,1,4
1405,101,5,1,1,1305,4,436
1406,101,6,1,1,588,4,1491
1407,101,7,1,1,1432,7,663
1408,101,8,1,1,4011,12,2548
1409,101,9,1,1,2487,6,3953
1410,101,10,1,1,1368,4,1706
1411,101,11,1,1,1352,8,1125
1412,101,12,1,1,746,2,1202
1413,101,13,1,1,2084,4,998
1414,101,14,1,1,3952,10,3110
1415,102,1,2,2,0,0,0
1416,102,2,2,2,0,0,0
1417,102,3,2,2,28,2,0
1418,102,4,2,2,462,24,135
1419,102,5,2,2,775,51,581
1420,102,6,2,2,916,39,758
1421,102,7,2,2,354,8,463
1422,102,8,2,2,241,2,232
1423,102,9,2,2,342,5,284
1424,102,10,2,2,436,5,300
1425,102,11,2,2,1156,20,453
1426,102,12,2,2,2380,113,1444
1427,102,13,2,2,1001,61,1295
1428,102,14,2,2,285,23,457
1429,103,1,1,1,0,0,0
1430,103,2,1,1,0,0,0
1431,103,3,1,1,169,0,2
1432,103,4,1,1,296,4,349
1433,103,5,1,1,153,5,183
1434,103,6,1,1,52,0,106
1435,103,7,1,1,154,0,25
1436,103,8,1,1,1059,3,735
1437,103,9,1,1,1175,23,1162
1438,103,10,1,1,2984,27,1593
1439,103,11,1,1,3831,75,3510
1440,103,12,1,1,2901,82,3456
1441,103,13,1,1,5129,48,3839
1442,103,14,1,1,4579,48,4487
1443,104,1,1,2,0,0,0
1444,104,2,1,2,0,0,0
1445,104,3,1,2,0,0,0
1446,104,4,1,2,0,0,0
1447,104,5,1,2,0,0,0
1448,104,6,1,2,0,0,0
1449,104,7,1,2,0,0,0
1450,104,8,1,2,0,0,0
1451,104,9,1,2,0,0,0
1452,104,10,1,2,2,0,0
1453,104,11,1,2,2,0,1
1454,104,12,1,2,0,0,3
1455,104,13,1,2,0,0,0
1456,104,14,1,2,0,0,0
1457,105,1,2,2,0,0,0
1458,105,2,2,2,0,0,0
1459,105,3,2,2,6,1,2
1460,105,4,2,2,2,0,4
1461,105,5,2,2,522,22,21
1462,105,6,2,2,3833,106,1595
1463,105,7,2,2,1947,28,3340
1464,105,8,2,2,738,2,1502
1465,105,9,2,2,454,2,656
1466,105,10,2,2,201,2,313
1467,105,11,2,2,898,14,299
1468,105,12,2,2,5763,170,3648
1469,105,13,2,2,2271,75,4296
1470,105,14,2,2,572,19,887
1471,106,1,1,2,0,0,0
1472,106,2,1,2,0,0,0
1473,106,3,1,2,143,5,0
1474,106,4,1,2,189,5,310
1475,106,5,1,2,3,0,12
1476,106,6,1,2,6,0,4
1477,106,7,1,2,3,0,6
1478,106,8,1,2,12,0,3
1479,106,9,1,2,25,0,9
1480,106,10,1,2,60,0,54
1481,106,11,1,2,63,0,58
1482,106,12,1,2,23,0,40
1483,106,13,1,2,42,0,32
1484,106,14,1,2,41,0,43
1485,107,1,3,1,0,0,0
1486,107,2,3,1,4,0,0
1487,107,3,3,1,1211,29,35
1488,107,4,3,1,18009,1830,11388
1489,107,5,3,1,71440,8071,52349
1490,107,6,3,1,135425,17839,110766
1491,107,7,3,1,198548,18919,152577
1492,107,8,3,1,174923,17726,169107
1493,107,9,3,1,143656,13232,131785
1494,107,10,3,1,181746,14107,151364
1495,107,11,3,1,188581,14187,44215
1496,107,12,3,1,312551,19867,251209
1497,107,13,3,1,438166,32729,337598
1498,107,14,3,1,222678,27179,221507
1499,108,1,2,2,0,0,0
1500,108,2,2,2,0,0,0
1501,108,3,2,2,353,4,18
1502,108,4,2,2,3544,112,1164
1503,108,5,2,2,4354,179,3399
1504,108,6,2,2,8362,250,4801
1505,108,7,2,2,8120,233,7887
1506,108,8,2,2,12187,217,8603
1507,108,9,2,2,16122,325,13125
1508,108,10,2,2,22998,465,16785
1509,108,11,2,2,31324,519,39572
1510,108,12,2,2,37454,681,35289
1511,108,13,2,2,14986,453,19447
1512,108,14,2,2,25649,511,16088
1513,109,1,2,2,0,0,0
1514,109,2,2,2,0,0,0
1515,109,3,2,2,12,0,2
1516,109,4,2,2,26,0,8
1517,109,5,2,2,141,0,34
1518,109,6,2,2,41,0,132
1519,109,7,2,2,71,0,54
1520,109,8,2,2,13,0,65
1521,109,9,2,2,9,0,12
1522,109,10,2,2,33,0,6
1523,109,11,2,2,455,0,45
1524,109,12,2,2,419,1,479
1525,109,13,2,2,594,1,521
1526,109,14,2,2,1138,0,941
1527,110,1,1,1,0,0,0
1528,110,2,1,1,0,0,0
1529,110,3,1,1,109,2,0
1530,110,4,1,1,213,5,214
1531,110,5,1,1,2,2,101
1532,110,6,1,1,224,3,0
1533,110,7,1,1,2525,36,690
1534,110,8,1,1,1762,52,3016
1535,110,9,1,1,5937,69,3171
1536,110,10,1,1,7569,132,6892
1537,110,11,1,1,16924,198,10047
1538,110,12,1,1,12982,183,14449
1539,110,13,1,1,13412,123,14947
1540,110,14,1,1,14175,198,12699
1541,111,1,2,1,0,0,0
1542,111,2,2,1,0,0,0
1543,111,3,2,1,617,36,24
1544,111,4,2,1,3806,134,960
1545,111,5,2,1,3384,35,4475
1546,111,6,2,1,4726,23,3461
1547,111,7,2,1,11789,125,8738
1548,111,8,2,1,38268,788,29937
1549,111,9,2,1,61063,1053,55120
1550,111,10,2,1,95431,1501,78560
1551,111,11,2,1,137252,2151,124016
1552,111,12,2,1,82857,1542,102213
1553,111,13,2,1,31964,887,41656
1554,111,14,2,1,12497,348,19886
1555,112,1,2,2,0,0,0
1556,112,2,2,2,0,0,0
1557,112,3,2,2,8,0,0
1558,112,4,2,2,68,0,0
1559,112,5,2,2,178,2,0
1560,112,6,2,2,635,4,0
1561,112,7,2,2,975,5,0
1562,112,8,2,2,2052,12,0
1563,112,9,2,2,4812,38,0
1564,112,10,2,2,4141,31,0
1565,112,11,2,2,2832,39,0
1566,112,12,2,2,2941,35,0
1567,112,13,2,2,20012,201,0
1568,112,14,2,2,20696,274,0
1569,113,1,3,2,0,0,0
1570,113,2,3,2,0,0,0
1571,113,3,3,2,15,1,0
1572,113,4,3,2,136,5,27
1573,113,5,3,2,73,0,111
1574,113,6,3,2,75,0,84
1575,113,7,3,2,54,0,74
1576,113,8,3,2,529,0,58
1577,113,9,3,2,12491,304,3401
1578,113,10,3,2,39333,927,29019
1579,113,11,3,2,38007,704,37382
1580,113,12,3,2,33917,741,36913
1581,113,13,3,2,15515,449,18003
1582,113,14,3,2,1751,68,6408
1583,114,1,2,2,0,0,0
1584,114,2,2,2,0,0,0
1585,114,3,2,2,11,0,2
1586,114,4,2,2,5,0,6
1587,114,5,2,2,8,0,6
1588,114,6,2,2,181,0,10
1589,114,7,2,2,1924,10,142
1590,114,8,2,2,5421,65,3161
1591,114,9,2,2,3715,46,5687
1592,114,10,2,2,1670,12,2022
1593,114,11,2,2,1445,18,2499
1594,114,12,2,2,9561,54,6541
1595,114,13,2,2,10003,147,12302
1596,114,14,2,2,4901,72,3883
1597,115,1,2,2,1,0,0
1598,115,2,2,2,0,0,1
1599,115,3,2,2,4,0,0
1600,115,4,2,2,52,0,15
1601,115,5,2,2,1515,8,204
1602,115,6,2,2,11992,21,2974
1603,115,7,2,2,6207,27,11205
1604,115,8,2,2,19689,172,7011
1605,115,9,2,2,38357,270,35018
1606,115,10,2,2,92926,439,74794
1607,115,11,2,2,62709,571,83299
1608,115,12,2,2,27141,348,37838
1609,115,13,2,2,10366,173,13977
1610,115,14,2,2,3184,745,4071
1611,116,1,2,1,0,0,0
1612,116,2,2,1,6,0,0
1613,116,3,2,1,12661,1040,3
1614,116,4,2,1,26845,3771,122
1615,116,5,2,1,7133,1164,53
1616,116,6,2,1,3838,157,8
1617,116,7,2,1,4107,34,14
1618,116,8,2,1,18642,86,810
1619,116,9,2,1,52756,205,3009
1620,116,10,2,1,231652,1002,1863
1621,116,11,2,1,174290,1994,1065
1622,116,12,2,1,276452,2072,2638
1623,116,13,2,1,183693,2583,3325
1624,116,14,2,1,111489,1580,1506
1625,117,1,2,1,0,0,0
1626,117,2,2,1,1,0,0
1627,117,3,2,1,646,1,74
1628,117,4,2,1,832,18,1178
1629,117,5,2,1,25,3,229
1630,117,6,2,1,24,0,3
1631,117,7,2,1,34,0,34
1632,117,8,2,1,190,0,80
1633,117,9,2,1,96,3,172
1634,117,10,2,1,111,0,87
1635,117,11,2,1,100,0,105
1636,117,12,2,1,103,0,120
1637,117,13,2,1,142,0,126
1638,117,14,2,1,74,1,77
1639,118,1,2,2,0,0,0
1640,118,2,2,2,0,0,0
1641,118,3,2,2,5,1,0
1642,118,4,2,2,9,2,7
1643,118,5,2,2,745,32,363
1644,118,6,2,2,1760,48,868
1645,118,7,2,2,1153,33,1254
1646,118,8,2,2,822,21,421
1647,118,9,2,2,676,14,0
1648,118,10,2,2,344,5,1312
1649,118,11,2,2,270,4,0
1650,118,12,2,2,262,5,0
1651,118,13,2,2,207,4,0
1652,118,14,2,2,192,4,0
1653,119,1,2,2,0,0,0
1654,119,2,2,2,0,0,0
1655,119,3,2,2,27,3,0
1656,119,4,2,2,692,29,452
1657,119,5,2,2,239,32,387
1658,119,6,2,2,117,3,104
1659,119,7,2,2,59,2,85
1660,119,8,2,2,42,0,60
1661,119,9,2,2,21,0,26
1662,119,10,2,2,23,0,23
1663,119,11,2,2,328,3,73
1664,119,12,2,2,1775,32,615
1665,119,13,2,2,1194,55,1930
1666,119,14,2,2,223,13,495
1667,120,1,3,2,0,0,0
1668,120,2,3,2,1,0,0
1669,120,3,3,2,134,2,8
1670,120,4,3,2,1797,56,311
1671,120,5,3,2,8230,229,2688
1672,120,6,3,2,15532,303,6739
1673,120,7,3,2,17457,289,9819
1674,120,8,3,2,10857,134,22073
1675,120,9,3,2,4840,99,8720
1676,120,10,3,2,4005,32,8317
1677,120,11,3,2,4704,29,4607
1678,120,12,3,2,20050,116,10431
1679,120,13,3,2,43635,297,31276
1680,120,14,3,2,24415,321,28779
1681,121,1,2,1,0,0,0
1682,121,2,2,1,1,0,0
1683,121,3,2,1,328,9,12
1684,121,4,2,1,1136,68,726
1685,121,5,2,1,761,56,814
1686,121,6,2,1,4108,169,923
1687,121,7,2,1,4420,184,4079
1688,121,8,2,1,3587,117,4603
1689,121,9,2,1,3636,136,3802
1690,121,10,2,1,13595,255,5772
1691,121,11,2,1,30306,769,18215
1692,121,12,2,1,21451,740,22501
1693,121,13,2,1,9364,352,20234
1694,121,14,2,1,10094,282,9552
1695,122,1,2,1,0,0,0
1696,122,2,2,1,15,0,0
1697,122,3,2,1,4626,39,13
1698,122,4,2,1,3097,171,19
1699,122,5,2,1,702,26,7695
1700,122,6,2,1,439,14,411
1701,122,7,2,1,361,5,614
1702,122,8,2,1,1542,9,596
1703,122,9,2,1,3245,10,1842
1704,122,10,2,1,6304,8,673
1705,122,11,2,1,15819,50,6135
1706,122,12,2,1,13417,104,0
1707,122,13,2,1,13399,128,0
1708,122,14,2,1,8040,58,0
1709,123,1,2,1,0,0,0
1710,123,2,2,1,6,0,1
1711,123,3,2,1,186,1,33
1712,123,4,2,1,2156,10,461
1713,123,5,2,1,9089,38,2187
1714,123,6,2,1,28633,127,20743
1715,123,7,2,1,39089,245,37996
1716,123,8,2,1,6563,264,19389
1717,123,9,2,1,12863,250,7718
1718,123,10,2,1,15849,273,14532
1719,123,11,2,1,9265,215,12156
1720,123,12,2,1,5168,76,6674
1721,123,13,2,1,5459,30,4964
1722,123,14,2,1,7170,41,5605
1723,124,1,3,2,0,0,0
1724,124,2,3,2,4,0,0
1725,124,3,3,2,2114,27,94
1726,124,4,3,2,15996,390,4621
1727,124,5,3,2,54346,1126,21368
1728,124,6,3,2,141010,2852,74719
1729,124,7,3,2,64835,1556,146375
1730,124,8,3,2,17544,343,33505
1731,124,9,3,2,16957,190,16815
1732,124,10,3,2,21164,339,17058
1733,124,11,3,2,66512,1268,28731
1734,124,12,3,2,81696,2085,93943
1735,124,13,3,2,64250,1507,64023
1736,124,14,3,2,34937,1213,45119
1737,125,1,2,1,0,0,0
1738,125,2,2,1,0,0,0
1739,125,3,2,1,1181,30,9
1740,125,4,2,1,5351,158,567
1741,125,5,2,1,6931,148,8938
1742,125,6,2,1,20087,295,6231
1743,125,7,2,1,31706,790,23421
1744,125,8,2,1,27726,581,27007
1745,125,9,2,1,19613,370,22888
1746,125,10,2,1,21003,328,21491
1747,125,11,2,1,32208,379,33910
1748,125,12,2,1,80984,943,50676
1749,125,13,2,1,73589,1248,81279
1750,125,14,2,1,20536,575,49796
1751,126,1,2,2,0,0,0
1752,126,2,2,2,0,0,0
1753,126,3,2,2,1,0,0
1754,126,4,2,2,7,0,0
1755,126,5,2,2,0,0,8
1756,126,6,2,2,3,0,0
1757,126,7,2,2,61,2,3
1758,126,8,2,2,387,3,221
1759,126,9,2,2,75,2,284
1760,126,10,2,2,55,0,59
1761,126,11,2,2,67,0,22
1762,126,12,2,2,124,2,64
1763,126,13,2,2,71,0,151
1764,126,14,2,2,424,3,34
1765,127,1,2,2,0,0,0
1766,127,2,2,2,0,0,0
1767,127,3,2,2,65,3,1
1768,127,4,2,2,201,7,112
1769,127,5,2,2,720,1,364
1770,127,6,2,2,1235,6,612
1771,127,7,2,2,3117,32,2459
1772,127,8,2,2,12324,277,5873
1773,127,9,2,2,23096,531,15028
1774,127,10,2,2,22427,547,18451
1775,127,11,2,2,19239,352,15553
1776,127,12,2,2,25508,506,23524
1777,127,13,2,2,25295,456,26449
1778,127,14,2,2,26247,463,25009
1779,128,1,2,1,0,0,0
1780,128,2,2,1,0,0,0
1781,128,3,2,1,1065,30,394
1782,128,4,2,1,35911,1021,10011
1783,128,5,2,1,127500,3455,56803
1784,128,6,2,1,120737,5171,107327
1785,128,7,2,1,122279,9344,109380
1786,128,8,2,1,239674,9767,171542
1787,128,9,2,1,164602,3608,221468
1788,128,10,2,1,88412,2015,145391
1789,128,11,2,1,62350,1512,70745
1790,128,12,2,1,52607,1757,58257
1791,128,13,2,1,123102,3346,100732
1792,128,14,2,1,185624,5273,173945
1793,129,1,3,2,1,0,0
1794,129,2,3,2,2,1,1
1795,129,3,3,2,2081,87,48
1796,129,4,3,2,6404,480,994
1797,129,5,3,2,9598,389,2866
1798,129,6,3,2,19428,309,6324
1799,129,7,3,2,55840,757,54945
1800,129,8,3,2,127465,1535,92384
1801,129,9,3,2,90875,1946,95926
1802,129,10,3,2,69035,1717,77558
1803,129,11,3,2,50901,1171,67612
1804,129,12,3,2,42434,852,41138
1805,129,13,3,2,51554,1505,47755
1806,129,14,3,2,50734,1569,46720
1807,130,1,2,1,0,0,0
1808,130,2,2,1,0,0,0
1809,130,3,2,1,2311,33,7
1810,130,4,2,1,10566,611,3229
1811,130,5,2,1,10909,420,8035
1812,130,6,2,1,10607,399,10010
1813,130,7,2,1,11295,253,12706
1814,130,8,2,1,21684,323,12651
1815,130,9,2,1,24142,474,23057
1816,130,10,2,1,271217,3118,70585
1817,130,11,2,1,628080,11519,437234
1818,130,12,2,1,304067,11404,458624
1819,130,13,2,1,218507,8626,234329
1820,130,14,2,1,193601,6589,152362
1821,131,1,2,1,0,0,0
1822,131,2,2,1,0,0,0
1823,131,3,2,1,7443,160,43
1824,131,4,2,1,17602,829,1476
1825,131,5,2,1,7455,421,17890
1826,131,6,2,1,9641,166,8096
1827,131,7,2,1,8931,159,8978
1828,131,8,2,1,6940,87,5478
1829,131,9,2,1,17530,149,6569
1830,131,10,2,1,65737,536,31750
1831,131,11,2,1,156782,1998,132662
1832,131,12,2,1,115617,2401,121334
1833,131,13,2,1,306838,5576,192135
1834,131,14,2,1,84046,3835,192566
1835,132,1,2,1,0,0,0
1836,132,2,2,1,1,0,0
1837,132,3,2,1,780,2,62
1838,132,4,2,1,12628,8,1310
1839,132,5,2,1,43501,28,28918
1840,132,6,2,1,39178,75,51274
1841,132,7,2,1,14607,61,25813
1842,132,8,2,1,8083,23,8290
1843,132,9,2,1,6982,17,7032
1844,132,10,2,1,6796,18,6884
1845,132,11,2,1,6277,5,6507
1846,132,12,2,1,5001,8,5332
1847,132,13,2,1,7501,3,4384
1848,132,14,2,1,12329,10,7815
1849,133,1,2,1,0,0,0
1850,133,2,2,1,3,0,0
1851,133,3,2,1,2242,82,220
1852,133,4,2,1,9995,635,3797
1853,133,5,2,1,7017,549,9239
1854,133,6,2,1,7713,385,5794
1855,133,7,2,1,23916,692,7957
1856,133,8,2,1,36654,1278,10862
1857,133,9,2,1,40032,1204,64607
1858,133,10,2,1,113767,2143,70037
1859,133,11,2,1,234023,4363,180675
1860,133,12,2,1,156901,4436,207605
1861,133,13,2,1,96480,2568,113801
1862,133,14,2,1,73251,2015,65758
1863,134,1,3,2,2,0,0
1864,134,2,3,2,0,0,2
1865,134,3,3,2,2335,17,119
1866,134,4,3,2,104161,1056,11498
1867,134,5,3,2,299345,3620,160264
1868,134,6,3,2,241086,4613,240090
1869,134,7,3,2,191532,4633,225244
1870,134,8,3,2,153941,3189,170122
1871,134,9,3,2,178397,3502,147449
1872,134,10,3,2,435468,7157,253652
1873,134,11,3,2,669669,11704,555053
1874,134,12,3,2,851411,16780,764229
1875,134,13,3,2,681001,15758,736889
1876,134,14,3,2,390052,12671,504414
1877,135,1,2,2,0,0,0
1878,135,2,2,2,0,0,0
1879,135,3,2,2,75,0,0
1880,135,4,2,2,168,0,104
1881,135,5,2,2,127,1,152
1882,135,6,2,2,655,1,191
1883,135,7,2,2,997,3,659
1884,135,8,2,2,2041,11,907
1885,135,9,2,2,777,13,1141
1886,135,10,2,2,297,6,1725
1887,135,11,2,2,797,14,637
1888,135,12,2,2,2449,43,1026
1889,135,13,2,2,6921,104,3545
1890,135,14,2,2,3546,65,7226
1891,136,1,1,1,0,0,0
1892,136,2,1,1,0,0,0
1893,136,3,1,1,8,0,0
1894,136,4,1,1,7,0,6
1895,136,5,1,1,0,0,9
1896,136,6,1,1,0,0,0
1897,136,7,1,1,2,0,1
1898,136,8,1,1,0,0,1
1899,136,9,1,1,2,0,0
1900,136,10,1,1,0,0,2
1901,136,11,1,1,3,0,0
1902,136,12,1,1,10,0,10
1903,136,13,1,1,5,0,6
1904,136,14,1,1,4,0,5
1905,137,1,1,1,0,0,0
1906,137,2,1,1,0,0,0
1907,137,3,1,1,13,0,1
1908,137,4,1,1,4,0,14
1909,137,5,1,1,1,0,3
1910,137,6,1,1,1,0,1
1911,137,7,1,1,6,0,3
1912,137,8,1,1,1,0,3
1913,137,9,1,1,1,0,2
1914,137,10,1,1,51,0,1
1915,137,11,1,1,181,2,103
1916,137,12,1,1,94,3,158
1917,137,13,1,1,842,8,329
1918,137,14,1,1,2195,22,2395
1919,138,1,1,2,0,0,0
1920,138,2,1,2,0,0,0
1921,138,3,1,2,1,0,1
1922,138,4,1,2,15,0,7
1923,138,5,1,2,10,0,7
1924,138,6,1,2,3,0,14
1925,138,7,1,2,25,0,15
1926,138,8,1,2,6,0,13
1927,138,9,1,2,4,0,7
1928,138,10,1,2,10,0,6
1929,138,11,1,2,11,0,9
1930,138,12,1,2,36,0,19
1931,138,13,1,2,780,2,153
1932,138,14,1,2,655,6,681
1933,139,1,1,2,0,0,0
1934,139,2,1,2,0,0,0
1935,139,3,1,2,0,0,0
1936,139,4,1,2,0,0,0
1937,139,5,1,2,0,0,0
1938,139,6,1,2,0,0,0
1939,139,7,1,2,0,0,0
1940,139,8,1,2,0,0,0
1941,139,9,1,2,0,0,0
1942,139,10,1,2,0,0,0
1943,139,11,1,2,2,0,0
1944,139,12,1,2,0,0,2
1945,139,13,1,2,0,0,0
1946,139,14,1,2,1,0,0
1947,140,1,1,1,0,0,0
1948,140,2,1,1,1,0,0
1949,140,3,1,1,235,26,13
1950,140,4,1,1,333,15,65
1951,140,5,1,1,102,1,279
1952,140,6,1,1,27,0,299
1953,140,7,1,1,1,0,1
1954,140,8,1,1,16,0,3
1955,140,9,1,1,17,0,20
1956,140,10,1,1,196,0,41
1957,140,11,1,1,684,4,578
1958,140,12,1,1,816,13,743
1959,140,13,1,1,597,8,681
1960,140,14,1,1,691,7,534
1961,141,1,1,2,0,0,0
1962,141,2,1,2,0,0,0
1963,141,3,1,2,0,0,0
1964,141,4,1,2,14,0,4
1965,141,5,1,2,469,12,64
1966,141,6,1,2,231,1,168
1967,141,7,1,2,157,2,542
1968,141,8,1,2,25,0,73
1969,141,9,1,2,15,0,35
1970,141,10,1,2,34,1,18
1971,141,11,1,2,46,1,29
1972,141,12,1,2,23,0,38
1973,141,13,1,2,243,0,52
1974,141,14,1,2,529,12,359
1975,142,1,2,1,0,0,0
1976,142,2,2,1,0,0,0
1977,142,3,2,1,1563,10,165
1978,142,4,2,1,21190,152,2998
1979,142,5,2,1,62508,341,59279
1980,142,6,2,1,105562,1146,68324
1981,142,7,2,1,85082,1217,104892
1982,142,8,2,1,39867,1031,55138
1983,142,9,2,1,18833,871,28358
1984,142,10,2,1,12677,634,14688
1985,142,11,2,1,10078,494,12960
1986,142,12,2,1,5381,327,7051
1987,142,13,2,1,5333,152,5720
1988,142,14,2,1,9309,119,8732
1989,143,1,2,2,0,0,0
1990,143,2,2,2,0,0,0
1991,143,3,2,2,175,0,40
1992,143,4,2,2,758,9,294
1993,143,5,2,2,2712,33,1467
1994,143,6,2,2,3148,70,2630
1995,143,7,2,2,3439,93,2345
1996,143,8,2,2,3379,79,2663
1997,143,9,2,2,1371,27,2998
1998,143,10,2,2,634,13,2416
1999,143,11,2,2,473,9,754
2000,143,12,2,2,3051,77,1647
2001,143,13,2,2,7383,218,4716
2002,143,14,2,2,7997,244,6924
2003,144,1,2,1,0,0,0
2004,144,2,2,1,0,0,0
2005,144,3,2,1,900,16,0
2006,144,4,2,1,8109,163,1343
2007,144,5,2,1,2403,64,5355
2008,144,6,2,1,3152,34,5964
2009,144,7,2,1,10988,296,0
2010,144,8,2,1,5854,140,0
2011,144,9,2,1,2145,36,0
2012,144,10,2,1,13403,71,0
2013,144,11,2,1,128484,784,0
2014,144,12,2,1,162485,1607,0
2015,144,13,2,1,57340,809,0
2016,144,14,2,1,63996,423,0
2017,145,1,1,2,0,0,0
2018,145,2,1,2,0,0,0
2019,145,3,1,2,10,0,0
2020,145,4,1,2,1,0,6
2021,145,5,1,2,0,0,5
2022,145,6,1,2,70,0,0
2023,145,7,1,2,33,0,28
2024,145,8,1,2,22,0,88
2025,145,9,1,2,8,0,13
2026,145,10,1,2,9,0,9
2027,145,11,1,2,30,0,13
2028,145,12,1,2,73,0,52
2029,145,13,1,2,949,4,801
2030,145,14,1,2,1413,7,1272
2031,146,1,2,2,0,0,0
2032,146,2,2,2,0,0,0
2033,146,3,2,2,1,0,0
2034,146,4,2,2,123,7,21
2035,146,5,2,2,737,39,433
2036,146,6,2,2,601,14,520
2037,146,7,2,2,361,7,388
2038,146,8,2,2,199,3,232
2039,146,9,2,2,209,2,93
2040,146,10,2,2,135,2,113
2041,146,11,2,2,46,0,36
2042,146,12,2,2,199,2,56
2043,146,13,2,2,982,3,390
2044,146,14,2,2,294,0,339
2045,147,1,2,1,13,0,0
2046,147,2,2,1,89,0,72
2047,147,3,2,1,824,3,168
2048,147,4,2,1,15243,12,1004
2049,147,5,2,1,18715,8,20455
2050,147,6,2,1,9023,3,16801
2051,147,7,2,1,8298,1,7991
2052,147,8,2,1,4607,0,9167
2053,147,9,2,1,953,0,1830
2054,147,10,2,1,250,1,425
2055,147,11,2,1,203,1,221
2056,147,12,2,1,381,0,315
2057,147,13,2,1,937,0,779
2058,147,14,2,1,400,0,595
2059,148,1,2,1,0,0,0
2060,148,2,2,1,0,0,0
2061,148,3,2,1,363,0,3
2062,148,4,2,1,1033,23,521
2063,148,5,2,1,125,5,842
2064,148,6,2,1,146,0,98
2065,148,7,2,1,625,1,231
2066,148,8,2,1,1625,4,682
2067,148,9,2,1,6224,15,2018
2068,148,10,2,1,47523,171,8222
2069,148,11,2,1,48265,620,53424
2070,148,12,2,1,73614,1299,59930
2071,148,13,2,1,70370,2504,90081
2072,148,14,2,1,58170,2547,39248
2073,149,1,2,1,0,0,0
2074,149,2,2,1,0,0,0
2075,149,3,2,1,802,15,10
2076,149,4,2,1,627,76,223
2077,149,5,2,1,44,17,1125
2078,149,6,2,1,127,3,26
2079,149,7,2,1,556,8,413
2080,149,8,2,1,727,14,499
2081,149,9,2,1,2807,17,1508
2082,149,10,2,1,28617,188,8287
2083,149,11,2,1,41507,1097,42047
2084,149,12,2,1,46338,1262,45244
2085,149,13,2,1,44321,806,46340
2086,149,14,2,1,23608,333,29488
2087,150,1,1,2,0,0,0
2088,150,2,1,2,0,0,0
2089,150,3,1,2,0,0,0
2090,150,4,1,2,0,0,0
2091,150,5,1,2,0,0,0
2092,150,6,1,2,0,0,0
2093,150,7,1,2,0,0,0
2094,150,8,1,2,0,0,0
2095,150,9,1,2,0,0,0
2096,150,10,1,2,8,0,4
2097,150,11,1,2,9,0,1
2098,150,12,1,2,0,0,0
2099,150,13,1,2,0,0,5
2100,150,14,1,2,1,0,4
2101,151,1,2,2,0,0,0
2102,151,2,2,2,0,0,0
2103,151,3,2,2,5,0,1
2104,151,4,2,2,596,28,30
2105,151,5,2,2,1375,50,317
2106,151,6,2,2,948,12,562
2107,151,7,2,2,288,3,652
2108,151,8,2,2,98,5,919
2109,151,9,2,2,278,1,465
2110,151,10,2,2,353,5,239
2111,151,11,2,2,510,9,232
2112,151,12,2,2,263,17,195
2113,151,13,2,2,70,0,54
2114,151,14,2,2,2473,109,142
2115,152,1,3,2,0,0,0
2116,152,2,3,2,0,0,0
2117,152,3,3,2,1353,5,31
2118,152,4,3,2,4294,98,2042
2119,152,5,3,2,27036,580,14736
2120,152,6,3,2,118526,1974,56734
2121,152,7,3,2,341974,5348,252628
2122,152,8,3,2,133858,6144,214752
2123,152,9,3,2,47298,2585,67189
2124,152,10,3,2,51113,2542,46070
2125,152,11,3,2,64552,2259,77060
2126,152,12,3,2,267157,6934,148429
2127,152,13,3,2,396600,15695,419949
2128,152,14,3,2,59632,5829,130639
2129,153,1,3,1,11,0,0
2130,153,2,3,1,3139,16,27
2131,153,3,3,1,6636,146,5381
2132,153,4,3,1,988,86,3664
2133,153,5,3,1,729,23,1350
2134,153,6,3,1,1347,11,1191
2135,153,7,3,1,1486,19,1620
2136,153,8,3,1,5846,23,1965
2137,153,9,3,1,3707,91,6468
2138,153,10,3,1,2746,51,2691
2139,153,11,3,1,8017,60,3528
2140,153,12,3,1,27117,391,15068
2141,153,13,3,1,16739,508,25356
2142,153,14,3,1,11523,180,12761
2143,154,1,2,2,0,0,0
2144,154,2,2,2,0,0,0
2145,154,3,2,2,0,0,0
2146,154,4,2,2,35,0,0
2147,154,5,2,2,959,10,6
2148,154,6,2,2,1013,28,273
2149,154,7,2,2,315,8,896
2150,154,8,2,2,205,1,115
2151,154,9,2,2,177,2,0
2152,154,10,2,2,201,9,0
2153,154,11,2,2,204,3,1664
2154,154,12,2,2,449,2,177
2155,154,13,2,2,371,1,482
2156,154,14,2,2,3997,29,604
2157,155,1,3,1,0,0,0
2158,155,2,3,1,45,0,2
2159,155,3,3,1,95878,8464,19257
2160,155,4,3,1,117512,16079,92791
2161,155,5,3,1,26044,2584,38326
2162,155,6,3,1,9792,1228,0
2163,155,7,3,1,39251,90,0
2164,155,8,3,1,174336,649,0
2165,155,9,3,1,306330,2697,0
2166,155,10,3,1,416490,4087,0
2167,155,11,3,1,462509,9191,0
2168,155,12,3,1,280078,5768,0
2169,155,13,3,1,814854,7482,0
2170,155,14,3,1,445434,10823,0
2171,156,1,2,1,1,0,0
2172,156,2,2,1,0,0,1
2173,156,3,2,1,142,2,16
2174,156,4,2,1,520,5,137
2175,156,5,2,1,970,3,647
2176,156,6,2,1,414,1,910
2177,156,7,2,1,768,0,680
2178,156,8,2,1,234,1,477
2179,156,9,2,1,331,1,362
2180,156,10,2,1,7283,7,1169
2181,156,11,2,1,13324,98,13161
2182,156,12,2,1,19312,86,17769
2183,156,13,2,1,20858,112,21830
2184,156,14,2,1,18937,148,21788
2185,157,1,3,2,0,0,0
2186,157,2,3,2,0,0,0
2187,157,3,3,2,7,2,1
2188,157,4,3,2,368,29,38
2189,157,5,3,2,4425,255,1384
2190,157,6,3,2,4572,286,2591
2191,157,7,3,2,2207,174,2105
2192,157,8,3,2,1610,77,493
2193,157,9,3,2,457,13,152
2194,157,10,3,2,158,1,0
2195,157,11,3,2,4241,412,3538
2196,157,12,3,2,7455,219,3222
2197,157,13,3,2,3880,339,7886
2198,157,14,3,2,967,73,1497
2199,158,1,1,2,0,0,0
2200,158,2,1,2,0,0,0
2201,158,3,1,2,9,0,0
2202,158,4,1,2,1,1,8
2203,158,5,1,2,13,0,1
2204,158,6,1,2,492,12,218
2205,158,7,1,2,1135,13,853
2206,158,8,1,2,2384,45,2060
2207,158,9,1,2,843,33,1555
2208,158,10,1,2,326,7,365
2209,158,11,1,2,109,6,134
2210,158,12,1,2,898,5,537
2211,158,13,1,2,2228,32,1940
2212,158,14,1,2,491,18,735
2213,159,1,2,1,0,0,0
2214,159,2,2,1,14,0,0
2215,159,3,2,1,4820,385,0
2216,159,4,2,1,16767,2201,0
2217,159,5,2,1,17060,1809,0
2218,159,6,2,1,29263,938,0
2219,159,7,2,1,9152,410,0
2220,159,8,2,1,7303,78,0
2221,159,9,2,1,8484,72,0
2222,159,10,2,1,31492,45,0
2223,159,11,2,1,118774,743,0
2224,159,12,2,1,194250,2046,0
2225,159,13,2,1,129578,2864,0
2226,159,14,2,1,90352,1235,0
2227,160,1,2,1,0,0,0
2228,160,2,2,1,18,0,0
2229,160,3,2,1,16587,433,1823
2230,160,4,2,1,12981,1304,21577
2231,160,5,2,1,1276,183,5100
2232,160,6,2,1,852,43,700
2233,160,7,2,1,3518,18,1900
2234,160,8,2,1,6945,25,5000
2235,160,9,2,1,11105,68,6600
2236,160,10,2,1,100969,223,22500
2237,160,11,2,1,172821,2518,185000
2238,160,12,2,1,125224,2830,67400
2239,160,13,2,1,69024,1736,0
2240,160,14,2,1,33612,585,0
2241,161,1,2,2,0,0,0
2242,161,2,2,2,0,0,0
2243,161,3,2,2,10,2,0
2244,161,4,2,2,33,1,0
2245,161,5,2,2,79,2,0
2246,161,6,2,2,157,4,0
2247,161,7,2,2,478,34,0
2248,161,8,2,2,2008,69,0
2249,161,9,2,2,1435,88,0
2250,161,10,2,2,1528,88,0
2251,161,11,2,2,2159,129,0
2252,161,12,2,2,3547,294,0
2253,161,13,2,2,2614,210,0
2254,161,14,2,2,1540,106,0
2255,162,1,2,2,0,0,0
2256,162,2,2,2,0,0,0
2257,162,3,2,2,0,0,0
2258,162,4,2,2,15,0,0
2259,162,5,2,2,3915,47,2004
2260,162,6,2,2,1970,5,2502
2261,162,7,2,2,1509,8,1687
2262,162,8,2,2,1174,8,1183
2263,162,9,2,2,1186,8,1196
2264,162,10,2,2,1248,6,1661
2265,162,11,2,2,1177,4,1366
2266,162,12,2,2,1102,4,1252
2267,162,13,2,2,12,0,367
2268,162,14,2,2,0,0,0
2269,163,1,3,2,0,0,0
2270,163,2,3,2,0,0,0
2271,163,3,3,2,19,1,1
2272,163,4,3,2,461,15,166
2273,163,5,3,2,29,5,16
2274,163,6,3,2,0,0,0
2275,163,7,3,2,0,0,0
2276,163,8,3,2,0,0,0
2277,163,9,3,2,0,0,0
2278,163,10,3,2,0,0,0
2279,163,11,3,2,0,0,0
2280,163,12,3,2,0,0,0
2281,163,13,3,2,0,0,0
2282,163,14,3,2,0,0,0
2283,164,1,3,1,19,0,8
2284,164,2,3,1,23,0,20
2285,164,3,3,1,1609,10,314
2286,164,4,3,1,1303,44,2345
2287,164,5,3,1,127,3,276
2288,164,6,3,1,90,1,93
2289,164,7,3,1,139,0,69
2290,164,8,3,1,102,0,127
2291,164,9,3,1,157,1,127
2292,164,10,3,1,215,0,213
2293,164,11,3,1,224,1,219
2294,164,12,3,1,3155,3,462
2295,164,13,3,1,12455,14,8241
2296,164,14,3,1,6413,6,12810
2297,165,1,1,2,0,0,0
2298,165,2,1,2,0,0,0
2299,165,3,1,2,1,0,0
2300,165,4,1,2,23,0,0
2301,165,5,1,2,0,0,0
2302,165,6,1,2,0,0,0
2303,165,7,1,2,0,0,0
2304,165,8,1,2,3,0,0
2305,165,9,1,2,1,0,0
2306,165,10,1,2,2,0,0
2307,165,11,1,2,0,0,0
2308,165,12,1,2,14,0,0
2309,165,13,1,2,26,0,0
2310,165,14,1,2,43,0,0
2311,166,1,2,2,0,0,0
2312,166,2,2,2,0,0,0
2313,166,3,2,2,34,1,10
2314,166,4,2,2,82,8,55
2315,166,5,2,2,326,4,146
2316,166,6,2,2,208,1,191
2317,166,7,2,2,291,5,239
2318,166,8,2,2,459,9,364
2319,166,9,2,2,384,20,343
2320,166,10,2,2,547,9,312
2321,166,11,2,2,643,7,818
2322,166,12,2,2,659,4,915
2323,166,13,2,2,1441,9,875
2324,166,14,2,2,1827,7,1392
2325,167,1,1,2,0,0,0
2326,167,2,1,2,0,0,0
2327,167,3,1,2,87,3,1
2328,167,4,1,2,29,5,71
2329,167,5,1,2,1,0,36
2330,167,6,1,2,13,0,5
2331,167,7,1,2,39,0,19
2332,167,8,1,2,1590,14,544
2333,167,9,1,2,2772,54,1884
2334,167,10,1,2,1161,32,2050
2335,167,11,1,2,977,12,1161
2336,167,12,1,2,481,7,879
2337,167,13,1,2,414,7,518
2338,167,14,1,2,149,5,298
2339,168,1,2,1,0,0,0
2340,168,2,2,1,0,0,0
2341,168,3,2,1,394,10,3
2342,168,4,2,1,600,31,302
2343,168,5,2,1,83,7,655
2344,168,6,2,1,97,2,71
2345,168,7,2,1,361,0,164
2346,168,8,2,1,2268,27,378
2347,168,9,2,1,14610,188,3459
2348,168,10,2,1,41400,1052,0
2349,168,11,2,1,36956,1943,65819
2350,168,12,2,1,42371,1416,34513
2351,168,13,2,1,69745,2078,52082
2352,168,14,2,1,24392,1247,40560
2353,169,1,3,1,0,0,0
2354,169,2,3,1,0,0,0
2355,169,3,3,1,13531,214,243
2356,169,4,3,1,106673,2960,48643
2357,169,5,3,1,43738,1366,79087
2358,169,6,3,1,35964,591,45138
2359,169,7,3,1,30967,560,41424
2360,169,8,3,1,39260,679,30391
2361,169,9,3,1,48530,1825,34823
2362,169,10,3,1,56704,2057,44222
2363,169,11,3,1,263480,3494,80756
2364,169,12,3,1,1569805,7135,1695923
2365,169,13,3,1,268811,5112,261765
2366,169,14,3,1,224125,2576,209819
2367,170,1,3,2,0,0,0
2368,170,2,3,2,0,0,0
2369,170,3,3,2,44,0,0
2370,170,4,3,2,39,0,52
2371,170,5,3,2,334,0,20
2372,170,6,3,2,472,0,747
2373,170,7,3,2,265,3,209
2374,170,8,3,2,1818,29,260
2375,170,9,3,2,5157,43,2972
2376,170,10,3,2,4366,36,3243
2377,170,11,3,2,7964,94,1486
2378,170,12,3,2,14757,46,2744
2379,170,13,3,2,4363,73,2446
2380,170,14,3,2,778,10,487
2381,171,1,3,2,0,0,0
2382,171,2,3,2,0,0,0
2383,171,3,3,2,645,17,10
2384,171,4,3,2,9761,244,1228
2385,171,5,3,2,13266,447,8300
2386,171,6,3,2,21582,465,10254
2387,171,7,3,2,26150,544,20153
2388,171,8,3,2,52728,888,19217
2389,171,9,3,2,90314,1616,36667
2390,171,10,3,2,184884,3178,70073
2391,171,11,3,2,353013,5332,194458
2392,171,12,3,2,334654,6550,376251
2393,171,13,3,2,174549,4579,317566
2394,171,14,3,2,133982,3544,158618
2395,172,1,2,1,4,0,0
2396,172,2,2,1,17,0,5
2397,172,3,2,1,643,6,56
2398,172,4,2,1,11817,99,2368
2399,172,5,2,1,22076,159,15503
2400,172,6,2,1,14110,51,19634
2401,172,7,2,1,11839,36,16343
2402,172,8,2,1,9725,33,7022
2403,172,9,2,1,23959,35,22793
2404,172,10,2,1,38439,76,45178
2405,172,11,2,1,36231,77,25997
2406,172,12,2,1,38962,97,29543
2407,172,13,2,1,95787,181,92516
2408,172,14,2,1,87915,371,104267
2409,173,1,3,1,2,0,0
2410,173,2,3,1,59,0,8
2411,173,3,3,1,38754,2457,171
2412,173,4,3,1,139956,24297,680
2413,173,5,3,1,78768,10773,331
2414,173,6,3,1,27677,2952,180
2415,173,7,3,1,19577,795,69
2416,173,8,3,1,33290,315,243
2417,173,9,3,1,117765,644,693
2418,173,10,3,1,558947,4412,466
2419,173,11,3,1,618941,11900,732
2420,173,12,3,1,862499,15077,1909
2421,173,13,3,1,1331952,32745,4174
2422,173,14,3,1,360640,16716,1987
2423,174,1,3,1,8,0,0
2424,174,2,3,1,17,1,7
2425,174,3,3,1,192276,5333,7017
2426,174,4,3,1,888718,61016,146923
2427,174,5,3,1,717694,41737,290811
2428,174,6,3,1,843368,19862,275873
2429,174,7,3,1,1924850,26602,717529
2430,174,8,3,1,1458662,29720,746665
2431,174,9,3,1,1206239,23448,655863
2432,174,10,3,1,1926939,24598,771790
2433,174,11,3,1,4496449,39395,1533841
2434,174,12,3,1,6406683,81170,0
2435,174,13,3,1,6125132,95405,0
2436,174,14,3,1,2418636,64805,0
2437,175,1,2,1,0,0,0
2438,175,2,2,1,0,0,0
2439,175,3,2,1,338,1,41
2440,175,4,2,1,305,16,376
2441,175,5,2,1,180,5,268
2442,175,6,2,1,113,5,139
2443,175,7,2,1,328,8,170
2444,175,8,2,1,331,9,415
2445,175,9,2,1,451,4,382
2446,175,10,2,1,1078,10,769
2447,175,11,2,1,2733,19,1797
2448,175,12,2,1,13262,104,9111
2449,175,13,2,1,22619,255,21215
2450,175,14,2,1,16256,172,15356
2451,176,1,2,2,0,0,0
2452,176,2,2,2,0,0,0
2453,176,3,2,2,172,2,7
2454,176,4,2,2,1867,7,1126
2455,176,5,2,2,1584,6,1704
2456,176,6,2,2,4880,11,2845
2457,176,7,2,2,15506,115,8782
2458,176,8,2,2,17884,179,24811
2459,176,9,2,2,14824,150,14091
2460,176,10,2,2,10215,96,10869
2461,176,11,2,2,6162,44,6102
2462,176,12,2,2,3966,4,4606
2463,176,13,2,2,1651,7,2248
2464,176,14,2,2,1215,1,1305
2465,177,1,1,2,0,0,0
2466,177,2,1,2,0,0,0
2467,177,3,1,2,0,0,0
2468,177,4,1,2,0,0,0
2469,177,5,1,2,0,0,0
2470,177,6,1,2,0,0,0
2471,177,7,1,2,0,0,0
2472,177,8,1,2,0,0,0
2473,177,9,1,2,0,0,0
2474,177,10,1,2,0,0,0
2475,177,11,1,2,1,0,0
2476,177,12,1,2,0,0,1
2477,177,13,1,2,0,0,0
2478,177,14,1,2,0,0,0
2479,178,1,2,2,0,0,0
2480,178,2,2,2,0,0,0
2481,178,3,2,2,135,3,39
2482,178,4,2,2,198,13,103
2483,178,5,2,2,1177,-2,160
2484,178,6,2,2,4322,37,1347
2485,178,7,2,2,12742,113,8772
2486,178,8,2,2,28154,222,27691
2487,178,9,2,2,28394,242,27113
2488,178,10,2,2,16891,170,21548
2489,178,11,2,2,10381,99,10553
2490,178,12,2,2,11164,131,10257
2491,178,13,2,2,13369,161,11304
2492,178,14,2,2,12189,155,11947
2493,179,1,3,1,2,0,0
2494,179,2,3,1,14,0,16
2495,179,3,3,1,196,0,42
2496,179,4,3,1,58,0,161
2497,179,5,3,1,58,0,60
2498,179,6,3,1,27,0,56
2499,179,7,3,1,203,3,38
2500,179,8,3,1,486,31,334
2501,179,9,3,1,50,1,303
2502,179,10,3,1,86,0,52
2503,179,11,3,1,167,0,117
2504,179,12,3,1,118,0,146
2505,179,13,3,1,352,0,132
2506,179,14,3,1,631,0,419
2507,180,1,2,2,0,0,0
2508,180,2,2,2,0,0,0
2509,180,3,2,2,0,0,0
2510,180,4,2,2,6,2,1
2511,180,5,2,2,317,78,13
2512,180,6,2,2,835,232,474
2513,180,7,2,2,570,181,374
2514,180,8,2,2,230,73,269
2515,180,9,2,2,76,21,155
2516,180,10,2,2,29,12,80
2517,180,11,2,2,14,6,16
2518,180,12,2,2,22,5,12
2519,180,13,2,2,22,5,32
2520,180,14,2,2,164,19,9
2521,181,1,2,2,0,0,0
2522,181,2,2,2,0,0,0
2523,181,3,2,2,35,0,0
2524,181,4,2,2,71,3,55
2525,181,5,2,2,951,4,724
2526,181,6,2,2,537,17,550
2527,181,7,2,2,4369,127,2474
2528,181,8,2,2,6134,137,7666
2529,181,9,2,2,2662,44,2490
2530,181,10,2,2,1673,17,1721
2531,181,11,2,2,1215,8,1318
2532,181,12,2,2,3078,31,1662
2533,181,13,2,2,33492,375,29340
2534,181,14,2,2,24317,328,26498
2535,182,1,2,2,0,0,0
2536,182,2,2,2,0,0,0
2537,182,3,2,2,8,1,0
2538,182,4,2,2,32,3,5
2539,182,5,2,2,138,0,24
2540,182,6,2,2,413,3,133
2541,182,7,2,2,2578,60,842
2542,182,8,2,2,3328,135,4217
2543,182,9,2,2,1341,26,1082
2544,182,10,2,2,529,15,1591
2545,182,11,2,2,1583,33,588
2546,182,12,2,2,3917,87,2768
2547,182,13,2,2,19521,854,14794
2548,182,14,2,2,2701,246,6622
